lv1_code,product_class_name,name,status,brand,category.1.path,category.1.category_set,attribute.country_of_origin.string,attribute.saya_collection.single_option,attribute.saya_country.single_option,attribute.saya_fabric_content.string,attribute.saya_group.single_option,attribute.saya_line.single_option,attribute.saya_long_description.html,attribute.saya_product_department.single_option,attribute.saya_product_status.string,attribute.saya_season.single_option,attribute.saya_tariff_code.string,variation_children_code
1049TSS04,3 Level Product Style,1049TSS04,active,Maaji,TRUNKS > MENS SPORTY SHORTS,default,Colombia,SUMMER 2018,COLOMBIA,MENS TRUNKS 75% POLYESTER 24% NYLON 1% POLIETILENO WOVEN,SUMMER,TRUNKS,BEACH REPEAT,MEN,active,2018,6203430000,1049TSS04_blue
1049TSS03,3 Level Product Style,1049TSS03,active,Maaji,TRUNKS > MENS SPORTY SHORTS,default,Colombia,SUMMER 2018,COLOMBIA,MENS TRUNKS 75% POLYESTER 24% NYLON 1% POLIETILENO WOVEN,SUMMER,TRUNKS,JOY QUEST,MEN,active,2018,6203430000,1049TSS03_blue
1049TSS02,3 Level Product Style,1049TSS02,active,Maaji,TRUNKS > MENS SPORTY SHORTS,default,Colombia,SUMMER 2018,COLOMBIA,MENS TRUNKS 75% POLYESTER 24% NYLON 1% POLIETILENO WOVEN,SUMMER,TRUNKS,CHASING THE WILD,MEN,active,2018,6203430000,1049TSS02_red
1046TSF04,3 Level Product Style,1046TSF04,active,Maaji,TRUNKS > MENS SURF,default,Colombia,SUMMER 2018,COLOMBIA,MENS TRUNKS 91% POLYESTER 7% NYLON 1% POLIETILENO 1% ACRYLIC WOVEN,SUMMER,TRUNKS,SEEK THE SEA,MEN,active,2018,6203430000,1046TSF04_purple
1046TSF03,3 Level Product Style,1046TSF03,active,Maaji,TRUNKS > MENS SURF,default,Colombia,SUMMER 2018,COLOMBIA,MENS TRUNKS 91% POLYESTER 7% NYLON 1% POLIETILENO 1% ACRYLIC WOVEN,SUMMER,TRUNKS,SANDED MULTICOLOR,MEN,active,2018,6203430000,1046TSF03_blue
1042TRS03,3 Level Product Style,1042TRS03,active,Maaji,TRUNKS > MENS REVERSIBLE,default,Colombia,SUMMER 2018,COLOMBIA,MENS TRUNKS 98% POLYESTER 1% POLIETILENO 1% ACRYLIC WOVEN,SUMMER,TRUNKS,SPEECHLESS,MEN,active,2018,6203430000,1042TRS03_red
1042TRS02,3 Level Product Style,1042TRS02,active,Maaji,TRUNKS > MENS REVERSIBLE,default,Colombia,SUMMER 2018,COLOMBIA,MENS TRUNKS 98% POLYESTER 1% POLIETILENO 1% ACRYLIC WOVEN,SUMMER,TRUNKS,BLUE SKY BLUE,MEN,active,2018,6203430000,1042TRS02_blue
1041TBS03,3 Level Product Style,1041TBS03,active,Maaji,TRUNKS > MENS BOARD SHORT,default,Colombia,SUMMER 2018,COLOMBIA,MENS TRUNKS 91% POLYESTER 7% NYLON 1% POLIETILENO 1% ACRYLIC WOVEN,SUMMER,TRUNKS,SOULIOURNER,MEN,active,2018,6203430000,1041TBS03_black
1041TBS02,3 Level Product Style,1041TBS02,active,Maaji,TRUNKS > MENS BOARD SHORT,default,Colombia,SUMMER 2018,COLOMBIA,MENS TRUNKS 91% POLYESTER 7% NYLON 1% POLIETILENO 1% ACRYLIC WOVEN,SUMMER,TRUNKS,OCEANAHOLIC,MEN,active,2018,6203430000,1041TBS02_red
1038TSL03,3 Level Product Style,1038TSL03,active,Maaji,TRUNKS > MENS EMBROIDERY,default,Colombia,SUMMER 2018,COLOMBIA,MENS TRUNKS 97% NYLON 1% POLYESTER 1% ACRYLIC 1% POLIETILENO WOVEN,SUMMER,TRUNKS,ADMIRABLE LANDSCAPE,MEN,active,2018,6203430000,1038TSL03_red
1038TSL02,3 Level Product Style,1038TSL02,active,Maaji,TRUNKS > MENS EMBROIDERY,default,Colombia,SUMMER 2018,COLOMBIA,MENS TRUNKS 97% NYLON 1% POLYESTER 1% ACRYLIC 1% POLIETILENO WOVEN,SUMMER,TRUNKS,THE WANDERERS,MEN,active,2018,6203430000,1038TSL02_blue
1372CSH02,3 Level Product Style,1372CSH02,active,Maaji,COVER UPS > WOMEN SHORTS,default,Colombia,SUMMER 2018,COLOMBIA,WOMENS SHORT 98% NYLON 2% SPANDEX KNIT,SUMMER,COVER UPS,WHITE - SAND,WOMEN,active,2018,6104630000,1372CSH02_black
1422CSD04,3 Level Product Style,1422CSD04,active,Maaji,COVER UPS > WOMENS SHORT DRESS,default,Colombia,SUMMER 2018,COLOMBIA,WOMENS DRESS 100% NYLON KNIT,SUMMER,COVER UPS,BRILLIANT CACTUS,WOMEN,active,2018,6104430000,1422CSD04_purple
1438CSD05,3 Level Product Style,1438CSD05,active,Maaji,COVER UPS > WOMENS SHORT DRESS,default,Colombia,SUMMER 2018,COLOMBIA,WOMENS DRESS 100% VISCOSE WOVEN,SUMMER,COVER UPS,CORAL TREASURES,WOMEN,active,2018,6204440000,1438CSD05_red
1442CSH05,3 Level Product Style,1442CSH05,active,Maaji,COVER UPS > WOMENS SHORTS,default,Colombia,SUMMER 2018,COLOMBIA,WOMENS SHORT 100% NYLON KNIT,SUMMER,COVER UPS,EPIC SUNSET,WOMEN,active,2018,6104630000,1442CSH05_purple
1442CSH06,3 Level Product Style,1442CSH06,active,Maaji,COVER UPS > WOMENS SHORTS,default,Colombia,SUMMER 2018,COLOMBIA,WOMENS SHORT 100% NYLON KNIT,SUMMER,COVER UPS,SAILING SHIPS,WOMEN,active,2018,6104630000,1442CSH06_blue
1446CKL01,3 Level Product Style,1446CKL01,active,Maaji,COVER UPS > WOMENS SKIRT,default,Colombia,SUMMER 2018,COLOMBIA,WOMENS LONG SKIRT 100% NYLON KNIT,SUMMER,COVER UPS,GAZING AT BEATIFUL,WOMEN,active,2018,6104530000,1446CKL01_blue
1461CSD03,3 Level Product Style,1461CSD03,active,Maaji,COVER UPS > WOMENS SHORT DRESS,default,Colombia,SUMMER 2018,COLOMBIA,WOMENS DRESS 100% VISCOSE WOVEN,SUMMER,COVER UPS,RAINBOW LAKE,WOMEN,active,2018,6204440000,1461CSD03_blue
1461CSD04,3 Level Product Style,1461CSD04,active,Maaji,COVER UPS > WOMENS SHORT DRESS,default,Colombia,SUMMER 2018,COLOMBIA,WOMENS DRESS 100% VISCOSE WOVEN,SUMMER,COVER UPS,NO REGRETS,WOMEN,active,2018,6204440000,1461CSD04_purple
1468CPA03,3 Level Product Style,1468CPA03,active,Maaji,COVER UPS > WOMENS PANTS,default,Colombia,SUMMER 2018,COLOMBIA,WOMENS PANTS 98% VISCOSE 1% POLYESTER 1% POLIETILENO WOVEN,SUMMER,COVER UPS,SUNSHINE VALLEY,WOMEN,active,2018,6204690000,1468CPA03_red
1469CKS04,3 Level Product Style,1469CKS04,active,Maaji,COVER UPS > WOMENS SHORT SKIRT,default,Colombia,SUMMER 2018,COLOMBIA,WOMENS SKIRT 88% VISCOSE 11% NYLON 1% SPANDEX WOVEN,SUMMER,COVER UPS,EXOTIC VOYAGE,WOMEN,active,2018,6204590000,1469CKS04_purple
1471CSD02,3 Level Product Style,1471CSD02,active,Maaji,COVER UPS > WOMENS DRESS,default,Colombia,SUMMER 2018,COLOMBIA,WOMENS DRESS 100% NYLON KNIT,SUMMER,COVER UPS,RAIN SHADOW,WOMEN,active,2018,6104430000,1471CSD02_black
1477CSD03,3 Level Product Style,1477CSD03,active,Maaji,COVER UPS > WOMENS SHORT DRESS,default,Colombia,SUMMER 2018,COLOMBIA,WOMENS DRESS 100% NYLON KNIT,SUMMER,COVER UPS,TBT SAND WAVES,WOMEN,active,2018,6104430000,1477CSD03_purple
1502CSD01,3 Level Product Style,1502CSD01,active,Maaji,COVER UPS > WOMENS SHORT DRESS,default,Colombia,SUMMER 2018,COLOMBIA,WOMENS DRESS 100% VISCOSE WOVEN,SUMMER,COVER UPS,DELIGHTFUL DUNES,WOMEN,active,2018,6204440000,1502CSD01_red
1503CSD01,3 Level Product Style,1503CSD01,active,Maaji,COVER UPS > WOMENS DRESS,default,Colombia,SUMMER 2018,COLOMBIA,WOMENS DRESS 96% NYLON 2% POLYESTER 1% ACRYLIC 1% POLIETILENO KNIT,SUMMER,COVER UPS,YOLO,WOMEN,active,2018,6104430000,1503CSD01_red
1504CLD01,3 Level Product Style,1504CLD01,active,Maaji,COVER UPS > WOMENS DRESS,default,Colombia,SUMMER 2018,COLOMBIA,WOMENS DRESS 100% NYLON KNIT,SUMMER,COVER UPS,NATIVE SOUL,WOMEN,active,2018,6104430000,1504CLD01_red
1506CSD01,3 Level Product Style,1506CSD01,active,Maaji,COVER UPS > WOMENS SHORT DRESS,default,Colombia,SUMMER 2018,COLOMBIA,WOMENS DRESS 100% NYLON KNIT,SUMMER,COVER UPS,RUNNING WILD,WOMEN,active,2018,6104430000,1506CSD01_black
1507CKS01,3 Level Product Style,1507CKS01,active,Maaji,COVER UPS > WOMENS SHORT SKIRT,default,Colombia,SUMMER 2018,COLOMBIA,WOMENS SKIRT 88% VISCOSE 11% NYLON 1% SPANDEX WOVEN,SUMMER,COVER UPS,VIVACIOUS QUEST,WOMEN,active,2018,6204590000,1507CKS01_black
1508CCT01,3 Level Product Style,1508CCT01,active,Maaji,COVER UPS > WOMENS CROP TOP,default,Colombia,SUMMER 2018,COLOMBIA,WOMENS CROP TOP 93% VISCOSE 6% NYLON 1% SPANDEX WOVEN,SUMMER,COVER UPS,WANNAHAVE FUN,WOMEN,active,2018,6211430000,1508CCT01_black
1509CKL01,3 Level Product Style,1509CKL01,active,Maaji,COVER UPS > WOMENS LONG SKIRT,default,Colombia,SUMMER 2018,COLOMBIA,WOMENS LONG SKIRT 100% NYLON KNIT,SUMMER,COVER UPS,UNDER THE STARS,WOMEN,active,2018,6104530000,1509CKL01_black
1511CRO01,3 Level Product Style,1511CRO01,active,Maaji,COVER UPS > WOMENS ROMPER,default,Colombia,SUMMER 2018,COLOMBIA,WOMENS ROMPER 100% NYLON KNIT,SUMMER,COVER UPS,RIOHACHA GARDEN,WOMEN,active,2018,6114300000,1511CRO01_blue
1513CLS01,3 Level Product Style,1513CLS01,active,Maaji,COVER UPS > WOMENS LONG SLEEVE SHIRT,default,Colombia,SUMMER 2018,COLOMBIA,WOMENS DRESS 92% VISCOSE 3% POLYESTER 3% POLIETILENO 2% ACRYLIC WOVEN,SUMMER,COVER UPS,SWEET BREEZE,WOMEN,active,2018,6204440000,1513CLS01_blue
1514CSD01,3 Level Product Style,1514CSD01,active,Maaji,COVER UPS > WOMENS SHORT DRESS,default,Colombia,SUMMER 2018,COLOMBIA,WOMENS DRESS 53% NYLON 47% VISCOSE KNIT,SUMMER,COVER UPS,NEVER LOOK BACK,WOMEN,active,2018,6104430000,1514CSD01_blue
1516CCT01,3 Level Product Style,1516CCT01,active,Maaji,COVER UPS > WOMENS CROP TOP,default,Colombia,SUMMER 2018,COLOMBIA,WOMENS CROP TOP 53% VISCOSE 47% NYLON WOVEN,SUMMER,COVER UPS,NO MATTER WHERE,WOMEN,active,2018,6114300000,1516CCT01_blue
1518CSD01,3 Level Product Style,1518CSD01,active,Maaji,COVER UPS > WOMENS SHORT DRESS,default,Colombia,SUMMER 2018,COLOMBIA,WOMENS DRESS 96% NYLON 2% POLYESTER 1% ACRYLIC 1% POLIETILENO KNIT,SUMMER,COVER UPS,SUNKISSED,WOMEN,active,2018,6104430000,1518CSD01_orange
1519CCT01,3 Level Product Style,1519CCT01,active,Maaji,COVER UPS > WOMENS CROP TOP,default,Colombia,SUMMER 2018,COLOMBIA,WOMENS CROP TOP 100% VISCOSE WOVEN,SUMMER,COVER UPS,TRADE WINDS,WOMEN,active,2018,6211430000,1519CCT01_orange
2173SFA01,3 Level Product Style,2173SFA01,active,Maaji,SWIMWEAR > WOMENS FASHION TOP,default,Colombia,SUMMER 2018,COLOMBIA,WOMENS TOP SWIMWEAR ONE PIECE 85% NYLON 15% SPANDEX KNIT,SUMMER,SWIMWEAR,SPANISH EXPLORER,WOMEN,active,2018,6112410000,2173SFA01_black
2174SLT01,3 Level Product Style,2174SLT01,active,Maaji,SWIMWEAR > WOMENS LONG LINE FIXED TRIANGLE,default,Colombia,SUMMER 2018,COLOMBIA,WOMENS TOP SWIMWEAR ONE PIECE 87% NYLON 13% SPANDEX KNIT,SUMMER,SWIMWEAR,GARDEN PILOT,WOMEN,active,2018,6112410000,2174SLT01_black
2175SFA01,3 Level Product Style,2175SFA01,active,Maaji,SWIMWEAR > WOMENS FASHION TOP,default,Colombia,SUMMER 2018,COLOMBIA,WOMENS TOP SWIMWEAR ONE PIECE 74% NYLON 18% POLYESTER 8% SPANDEX KNIT,SUMMER,SWIMWEAR,PEARL PROVINCE,WOMEN,active,2018,6112410000,2175SFA01_black
2176SRA01,3 Level Product Style,2176SRA01,active,Maaji,SWIMWEAR > WOMENS RASHGUARD,default,Colombia,SUMMER 2018,COLOMBIA,WOMENS RASHGUARD 92% NYLON 8% SPANDEX KNIT,SUMMER,SWIMWEAR,MYSTERY FOUNTAIN,WOMEN,active,2018,6110309000,2176SRA01_black
2177SFA01,3 Level Product Style,2177SFA01,active,Maaji,SWIMWEAR > WOMENS FASHION TOP,default,Colombia,SUMMER 2018,COLOMBIA,WOMENS TOP SWIMWEAR ONE PIECE 49% NYLON 37% POLYESTER 14% SPANDEX KNIT,SUMMER,SWIMWEAR,RALLY RACERS,WOMEN,active,2018,6112410000,2177SFA01_blue
2178SUN01,3 Level Product Style,2178SUN01,active,Maaji,SWIMWEAR > WOMENS UNDERWIRE,default,Colombia,SUMMER 2018,COLOMBIA,WOMENS TOP SWIMWEAR ONE PIECE 93% NYLON 7% SPANDEX KNIT,SUMMER,SWIMWEAR,HIDDEN LAGOON,WOMEN,active,2018,6112410000,2178SUN01_blue
2179SSE01,3 Level Product Style,2179SSE01,active,Maaji,SWIMWEAR > WOMENS SLIDING TRIANGLE,default,Colombia,SUMMER 2018,COLOMBIA,WOMENS TOP SWIMWEAR ONE PIECE 83% NYLON 17% SPANDEX KNIT,SUMMER,SWIMWEAR,SUNNY RIDES,WOMEN,active,2018,6112410000,2179SSE01_blue
2180SFT01,3 Level Product Style,2180SFT01,active,Maaji,SWIMWEAR > WOMENS FIXED TRIANGLE,default,Colombia,SUMMER 2018,COLOMBIA,WOMENS TOP SWIMWEAR ONE PIECE 93% NYLON 7% SPANDEX KNIT,SUMMER,SWIMWEAR,AMERICAN FLAMINGOS,WOMEN,active,2018,6112410000,2180SFT01_blue
2181SBA01,3 Level Product Style,2181SBA01,active,Maaji,SWIMWEAR > WOMENS BANDEAU,default,Colombia,SUMMER 2018,COLOMBIA,WOMENS TOP SWIMWEAR ONE PIECE 54% NYLON 30% POLYESTER 16% SPANDEX KNIT,SUMMER,SWIMWEAR,WHEELS AND FRILLS,WOMEN,active,2018,6112410000,2181SBA01_blue
2183SCT01,3 Level Product Style,2183SCT01,active,Maaji,SWIMWEAR > WOMENS CROP TOP,default,Colombia,SUMMER 2018,COLOMBIA,WOMENS TOP SWIMWEAR ONE PIECE 92% NYLON 8% SPANDEX KNIT,SUMMER,SWIMWEAR,SECOND NATURE,WOMEN,active,2018,6112410000,2183SCT01_orange
2184SBA01,3 Level Product Style,2184SBA01,active,Maaji,SWIMWEAR > WOMENS BANDEAU,default,Colombia,SUMMER 2018,COLOMBIA,WOMENS TOP SWIMWEAR ONE PIECE 85% NYLON 15% SPANDEX KNIT,SUMMER,SWIMWEAR,OASIS GARDEN,WOMEN,active,2018,6112410000,2184SBA01_orange
2186SSP01,3 Level Product Style,2186SSP01,active,Maaji,SWIMWEAR > WOMENS SPORTY TOP,default,Colombia,SUMMER 2018,COLOMBIA,WOMENS TOP SWIMWEAR ONE PIECE 74% NYLON 18% POLYESTER 8% SPANDEX KNIT,SUMMER,SWIMWEAR,TEMPO DUSK,WOMEN,active,2018,6112410000,2186SSP01_orange
2187SSF01,3 Level Product Style,2187SSF01,active,Maaji,SWIMWEAR > WOMENS SURF SHORTS,default,Colombia,SUMMER 2018,COLOMBIA,WOMENS SHORT 93% NYLON 7% SPANDEX KNIT,SUMMER,SWIMWEAR,SURFER SCORPION,WOMEN,active,2018,6104630000,2187SSF01_orange
3008SCC02,3 Level Product Style,3008SCC02,active,Maaji,SWIMWEAR > WOMENS CHEEKY CUT,default,Colombia,SUMMER 2018,COLOMBIA,WOMENS BOTTOM SWIMWEAR ONE PIECE 89% NYLON 11% SPANDEX KNIT,SUMMER,SWIMWEAR,SHIMMERING COGNAC CASCADE,WOMEN,active,2018,6112410000,3008SCC02_red
3011SHN01,3 Level Product Style,3011SHN01,active,Maaji,SWIMWEAR > WOMENS HIGH NECK,default,Colombia,SUMMER 2018,COLOMBIA,WOMENS TOP SWIMWEAR ONE PIECE 82% NYLON 18% SPANDEX KNIT,SUMMER,SWIMWEAR,BALLERINA HONEYCOMB,WOMEN,active,2018,6112410000,3011SHN01_blue
3012SFH05,3 Level Product Style,3012SFH05,active,Maaji,SWIMWEAR > WOMENS FASHION TOP,default,Colombia,SUMMER 2018,COLOMBIA,WOMENS TOP SWIMWEAR ONE PIECE 93% NYLON 7% SPANDEX KNIT,SUMMER,SWIMWEAR,MEDITERRANEAN BLUE ALLURE,WOMEN,active,2018,6112410000,3012SFH05_blue
3042SFH02,3 Level Product Style,3042SFH02,active,Maaji,SWIMWEAR > WOMENS FIXED HALTER,default,Colombia,SUMMER 2018,COLOMBIA,WOMENS TOP SWIMWEAR ONE PIECE 89% NYLON 11% SPANDEX KNIT,SUMMER,SWIMWEAR,METEORITE VALLEY,WOMEN,active,2018,6112410000,3042SFH02_black
3042SFH03,3 Level Product Style,3042SFH03,active,Maaji,SWIMWEAR > WOMENS FIXED HALTER,default,Colombia,SUMMER 2018,COLOMBIA,WOMENS TOP SWIMWEAR ONE PIECE 89% NYLON 11% SPANDEX KNIT,SUMMER,SWIMWEAR,MAUVE VALLEY,WOMEN,active,2018,6112410000,3042SFH03_orange
3045SFT04,3 Level Product Style,3045SFT04,active,Maaji,SWIMWEAR > WOMENS FIXED TRIANGLE,default,Colombia,SUMMER 2018,COLOMBIA,WOMENS TOP SWIMWEAR ONE PIECE 87% NYLON 13% SPANDEX KNIT,SUMMER,SWIMWEAR,BALLERINA DELIGHTFUL,WOMEN,active,2018,6112410000,3045SFT04_blue
3048SUN04,3 Level Product Style,3048SUN04,active,Maaji,SWIMWEAR > WOMENS UNDERWIRE,default,Colombia,SUMMER 2018,COLOMBIA,WOMENS TOP SWIMWEAR ONE PIECE 93% NYLON 7% SPANDEX KNIT,SUMMER,SWIMWEAR,MEDITERRANEAN BLUE LOVELY,WOMEN,active,2018,6112410000,3048SUN04_blue
3053SFA05,3 Level Product Style,3053SFA05,active,Maaji,SWIMWEAR > WOMENS FASHION TOP,default,Colombia,SUMMER 2018,COLOMBIA,WOMENS TOP SWIMWEAR ONE PIECE 81% NYLON 19% SPANDEX KNIT,SUMMER,SWIMWEAR,MEDITERRANEAN BLUE DECK,WOMEN,active,2018,6112410000,3053SFA05_blue
3054SFA03,3 Level Product Style,3054SFA03,active,Maaji,SWIMWEAR > WOMENS FASHION TOP,default,Colombia,SUMMER 2018,COLOMBIA,WOMENS TOPSWIMWEAR ONE PIECE 90%NYLON 7%SPANDEX 1%POLYESTER 1%PET 1%ACRYLIC KNIT,SUMMER,SWIMWEAR,METEORITE DAZZLING,WOMEN,active,2018,6112410000,3054SFA03_black
3063SBR01,3 Level Product Style,3063SBR01,active,Maaji,SWIMWEAR > WOMENS BRALETTE,default,Colombia,SUMMER 2018,COLOMBIA,WOMENS TOP SWIMWEAR ONE PIECE 90% NYLON 10% SPANDEX KNIT,SUMMER,SWIMWEAR,METEORITE DUNES,WOMEN,active,2018,6112410000,3063SBR01_black
3063SBR02,3 Level Product Style,3063SBR02,active,Maaji,SWIMWEAR > WOMENS BRALETTE,default,Colombia,SUMMER 2018,COLOMBIA,WOMENS TOP SWIMWEAR ONE PIECE 88% NYLON 12% SPANDEX KNIT,SUMMER,SWIMWEAR,SAND STONE DUNES,WOMEN,active,2018,6112410000,3063SBR02_orange
3066SUN01,3 Level Product Style,3066SUN01,active,Maaji,SWIMWEAR > WOMENS UNDERWIRE,default,Colombia,SUMMER 2018,COLOMBIA,WOMENS TOP SWIMWEAR ONE PIECE 84% NYLON 16% SPANDEX KNIT,SUMMER,SWIMWEAR,METEORITE SWELL,WOMEN,active,2018,6112410000,3066SUN01_black
3068SSP01,3 Level Product Style,3068SSP01,active,Maaji,SWIMWEAR > WOMENS SPORTY TOP,default,Colombia,SUMMER 2018,COLOMBIA,WOMENS TOP SWIMWEAR ONE PIECE 93% NYLON 7% SPANDEX KNIT,SUMMER,SWIMWEAR,METEORITE COCKTAIL,WOMEN,active,2018,6112410000,3068SSP01_black
3068SSP02,3 Level Product Style,3068SSP02,active,Maaji,SWIMWEAR > WOMENS SPORTY TOP,default,Colombia,SUMMER 2018,COLOMBIA,WOMENS TOP SWIMWEAR ONE PIECE 88% NYLON 12% SPANDEX KNIT,SUMMER,SWIMWEAR,SAND STONE COCKTAIL,WOMEN,active,2018,6112410000,3068SSP02_orange
3069SSE01,3 Level Product Style,3069SSE01,active,Maaji,SWIMWEAR > WOMENS SLIDING TRIANGLE,default,Colombia,SUMMER 2018,COLOMBIA,WOMENS TOP SWIMWEAR ONE PIECE 89% NYLON 11% SPANDEX KNIT,SUMMER,SWIMWEAR,SAND STONE LEGEND,WOMEN,active,2018,6112410000,3069SSE01_orange
3070SBR01,3 Level Product Style,3070SBR01,active,Maaji,SWIMWEAR > WOMENS BRALETTE,default,Colombia,SUMMER 2018,COLOMBIA,WOMENS TOP SWIMWEAR ONE PIECE 84% NYLON 16% SPANDEX KNIT,SUMMER,SWIMWEAR,MAUVE AFTERLIGHT,WOMEN,active,2018,6112410000,3070SBR01_orange
1520SFH03,3 Level Product Style,1520SFH03,active,Maaji,SWIMWEAR > WOMENS FIXED HALTER,default,Colombia,SUMMER 2018,COLOMBIA,WOMENS TOP SWIMWEAR ONE PIECE 88% NYLON 12% SPANDEX KNIT,SUMMER,SWIMWEAR,SHIMMERING COGNAC SWIRL,WOMEN,active,2018,6112410000,1520SFH03_red
1932SFT04,3 Level Product Style,1932SFT04,active,Maaji,SWIMWEAR > WOMENS FIXED TRIANGLE,default,Colombia,SUMMER 2018,COLOMBIA,WOMENS TOP SWIMWEAR ONE PIECE 89% NYLON 11% SPANDEX KNIT,SUMMER,SWIMWEAR,GULF OF PARIA,WOMEN,active,2018,6112410000,1932SFT04_black
1932SFT05,3 Level Product Style,1932SFT05,active,Maaji,SWIMWEAR > WOMENS FIXED TRIANGLE,default,Colombia,SUMMER 2018,COLOMBIA,WOMENS TOP SWIMWEAR ONE PIECE 68% NYLON 23% POLYESTER 9% SPANDEX KNIT,SUMMER,SWIMWEAR,DOLCE VELOCE,WOMEN,active,2018,6112410000,1932SFT05_orange
2021SFA04,3 Level Product Style,2021SFA04,active,Maaji,SWIMWEAR > WOMENS FASHION TOP,default,Colombia,SUMMER 2018,COLOMBIA,WOMENS TOP SWIMWEAR ONE PIECE 56% NYLON 34% POLYESTER 10% SPANDEX KNIT,SUMMER,SWIMWEAR,SUNDOWN SOCIETY,WOMEN,active,2018,6112410000,2021SFA04_orange
2033SUN04,3 Level Product Style,2033SUN04,active,Maaji,SWIMWEAR > WOMENS UNDERWIRE,default,Colombia,SUMMER 2018,COLOMBIA,WOMENS BOTTOM SWIMWEAR ONE PIECE 91% NYLON 9% SPANDEX KNIT,SUMMER,SWIMWEAR,NIGHLTY OASIS,WOMEN,active,2018,6112410000,2033SUN04_black
2047SHN03,3 Level Product Style,2047SHN03,active,Maaji,SWIMWEAR > WOMENS HIGH NECK,default,Colombia,SUMMER 2018,COLOMBIA,WOMENS TOP SWIMWEAR ONE PIECE 85% NYLON 15% SPANDEX KNIT,SUMMER,SWIMWEAR,CORAL REEF TOUCAN,WOMEN,active,2018,6112410000,2047SHN03_red
2050SSE01,3 Level Product Style,2050SSE01,active,Maaji,SWIMWEAR > WOMENS SLIDING TRIANGLE,default,Colombia,SUMMER 2018,COLOMBIA,WOMENS TOP SWIMWEAR ONE PIECE 88% NYLON 12% SPANDEX KNIT,SUMMER,SWIMWEAR,BUMPY ROADS,WOMEN,active,2018,6112410000,2050SSE01_black
2112SFA02,3 Level Product Style,2112SFA02,active,Maaji,SWIMWEAR > WOMENS FASHION TOP,default,Colombia,SUMMER 2018,COLOMBIA,WOMENS TOPSWIMWEAR ONEPIECE 50%NYLON 39%POLYESTER 9%SPANDEX 1%PET 1%ACRYLIC KNIT,SUMMER,SWIMWEAR,BLUE CACIQUE,WOMEN,active,2018,6112410000,2112SFA02_blue
2131SUN02,3 Level Product Style,2131SUN02,active,Maaji,SWIMWEAR > WOMENS UNDERWIRE,default,Colombia,SUMMER 2018,COLOMBIA,WOMENS TOP SWIMWEAR ONE PIECE 88% NYLON 12% SPANDEX KNIT,SUMMER,SWIMWEAR,CURUBA TROPICA,WOMEN,active,2018,6112410000,2131SUN02_red
2131SUN03,3 Level Product Style,2131SUN03,active,Maaji,SWIMWEAR > WOMENS UNDERWIRE,default,Colombia,SUMMER 2018,COLOMBIA,WOMENS TOP SWIMWEAR ONE PIECE 87% NYLON 13% SPANDEX KNIT,SUMMER,SWIMWEAR,CURUBA HIBISCUS,WOMEN,active,2018,6112410000,2131SUN03_orange
2135SSF03,3 Level Product Style,2135SSF03,active,Maaji,SWIMWEAR > WOMENS SURF SHORTS,default,Colombia,SUMMER 2018,COLOMBIA,WOMENS SHORT 92% NYLON 8% SPANDEX KNIT,SUMMER,SWIMWEAR,DAHLIA JUNGLE,WOMEN,active,2018,6104630000,2135SSF03_red
2153SUN02,3 Level Product Style,2153SUN02,active,Maaji,SWIMWEAR > WOMENS UNDERWIRE,default,Colombia,SUMMER 2018,COLOMBIA,WOMENS TOP SWIMWEAR ONE PIECE 90% NYLON 10% SPANDEX KNIT,SUMMER,SWIMWEAR,GUAJIRA PARK,WOMEN,active,2018,6112410000,2153SUN02_red
2161SFA02,3 Level Product Style,2161SFA02,active,Maaji,SWIMWEAR > WOMENS FASHION TOP,default,Colombia,SUMMER 2018,COLOMBIA,WOMENS TOP SWIMWEAR ONE PIECE 86% NYLON 14% SPANDEX KNIT,SUMMER,SWIMWEAR,AFTERLIFE ISLAND,WOMEN,active,2018,6112410000,2161SFA02_black
2162SFA02,3 Level Product Style,2162SFA02,active,Maaji,SWIMWEAR > WOMENS FASHION TOP,default,Colombia,SUMMER 2018,COLOMBIA,WOMENS TOP SWIMWEAR ONE PIECE 82% NYLON 18% SPANDEX KNIT,SUMMER,SWIMWEAR,ARAWAKS ROCKS,WOMEN,active,2018,6112410000,2162SFA02_blue
2164SRA02,3 Level Product Style,2164SRA02,active,Maaji,SWIMWEAR > WOMENS RASHGUARD,default,Colombia,SUMMER 2018,COLOMBIA,WOMENS RASHGUARD 92% NYLON 8% SPANDEX KNIT,SUMMER,SWIMWEAR,MEDITERRANEAN BLUE DIVER,WOMEN,active,2018,6110309000,2164SRA02_blue
2167SFT01,3 Level Product Style,2167SFT01,active,Maaji,SWIMWEAR > WOMENS FIXED TRIANGLE,default,Colombia,SUMMER 2018,COLOMBIA,WOMENS TOP SWIMWEAR ONE PIECE 85% NYLON 15% SPANDEX KNIT,SUMMER,SWIMWEAR,RED LEAVES,WOMEN,active,2018,6112410000,2167SFT01_red
2169SBA01,3 Level Product Style,2169SBA01,active,Maaji,SWIMWEAR > WOMENS BANDEAU,default,Colombia,SUMMER 2018,COLOMBIA,WOMENS TOP SWIMWEAR ONE PIECE 88% NYLON 12% SPANDEX KNIT,SUMMER,SWIMWEAR,FLOWERY KNOTS,WOMEN,active,2018,6112410000,2169SBA01_red
2170SSE01,3 Level Product Style,2170SSE01,active,Maaji,SWIMWEAR > WOMENS SLIDING TRIANGLE,default,Colombia,SUMMER 2018,COLOMBIA,WOMENS TOP SWIMWEAR ONE PIECE 89% NYLON 11% SPANDEX KNIT,SUMMER,SWIMWEAR,ANDALUSIA FRILLS,WOMEN,active,2018,6112410000,2170SSE01_red
2171SFH01,3 Level Product Style,2171SFH01,active,Maaji,SWIMWEAR > WOMENS FIXED HALTER,default,Colombia,SUMMER 2018,COLOMBIA,WOMENS TOP SWIMWEAR ONE PIECE 83% NYLON 17% SPANDEX KNIT,SUMMER,SWIMWEAR,WAYUU ALLURE,WOMEN,active,2018,6112410000,2171SFH01_red
3047SFH03,3 Level Product Style,3047SFH03,active,Maaji,SWIMWEAR > WOMENS FIXED HALTER,default,Colombia,SUMMER 2018,COLOMBIA,WOMENS TOPSWIMWEAR ONE PIECE 86%NYLON 7%SPANDEX 3%POLYESTER 2%PET 2%ACRYLIC KNIT,SUMMER,SWIMWEAR,DAHLIA SANDCASTLE,WOMEN,active,2018,6112410000,3047SFH03_red
3059SFT02,3 Level Product Style,3059SFT02,active,Maaji,SWIMWEAR > WOMENS FIXED TRIANGLE,default,Colombia,SUMMER 2018,COLOMBIA,WOMENS TOP SWIMWEAR ONE PIECE 93% NYLON 7% SPANDEX KNIT,SUMMER,SWIMWEAR,DAHLIA BASKET,WOMEN,active,2018,6112410000,3059SFT02_red
3060SFA03,3 Level Product Style,3060SFA03,active,Maaji,SWIMWEAR > WOMENS FASHION TOP,default,Colombia,SUMMER 2018,COLOMBIA,WOMENS TOP SWIMWEAR ONE PIECE 88% NYLON 12% SPANDEX KNIT,SUMMER,SWIMWEAR,SHIMMERING COGNAC CUMBIA,WOMEN,active,2018,6112410000,3060SFA03_red
3061SSP01,3 Level Product Style,3061SSP01,active,Maaji,SWIMWEAR > WOMENS SPORTY TOP,default,Colombia,SUMMER 2018,COLOMBIA,WOMENS TOP SWIMWEAR ONE PIECE 88% NYLON 12% SPANDEX KNIT,SUMMER,SWIMWEAR,SHIMMERING COGNAC,WOMEN,active,2018,6112410000,3061SSP01_red
3062SBA01,3 Level Product Style,3062SBA01,active,Maaji,SWIMWEAR > WOMENS BANDEAU,default,Colombia,SUMMER 2018,COLOMBIA,WOMENS TOP SWIMWEAR ONE PIECE 86% NYLON 14% SPANDEX KNIT,SUMMER,SWIMWEAR,DAHLIA RUCHED,WOMEN,active,2018,6112410000,3062SBA01_red
1483CCT02,3 Level Product Style,1483CCT02,active,Maaji,COVER UPS > WOMENS CROP TOP,default,Colombia,SUMMER 2018,COLOMBIA,WOMENS CROP TOP 100% VISCOSE WOVEN,SUMMER,COVER UPS,CARIBBEAN OASIS,WOMEN,active,2018,6211430000,1483CCT02_red
9086KST02,3 Level Product Style,9086KST02,active,Maaji,TRUNKS > BOYS SPORTY SHORTS,default,Colombia,SUMMER 2018,COLOMBIA,BOYS TRUNKS 68% POLYESTER 27% NYLON 3% POLIETILENO 2% ACRYLIC WOVEN,SUMMER,TRUNKS,JOY QUEST,BOYS,active,2018,6203430000,9086KST02_red
9086KST03,3 Level Product Style,9086KST03,active,Maaji,TRUNKS > BOYS SPORTY SHORTS,default,Colombia,SUMMER 2018,COLOMBIA,BOYS TRUNKS 68% POLYESTER 27% NYLON 3% POLIETILENO 2% ACRYLIC WOVEN,SUMMER,TRUNKS,BEACH REPEAT,BOYS,active,2018,6203430000,9086KST03_blue
9088KST02,3 Level Product Style,9088KST02,active,Maaji,TRUNKS > BOYS SPORTY SHORTS,default,Colombia,SUMMER 2018,COLOMBIA,BOYS TRUNKS 98% POLYESTER 1% POLIETILENO 1% ACRYLIC WOVEN,SUMMER,TRUNKS,BLUE SKY BLUE,BOYS,active,2018,6203430000,9088KST02_red
9088KST03,3 Level Product Style,9088KST03,active,Maaji,TRUNKS > BOYS TRUNKS,default,Colombia,SUMMER 2018 ,COLOMBIA,BOYS TRUNKS 98% POLYESTER 1% POLIETILENO 1% ACRYLIC WOVEN,SUMMER,TRUNKS,SPEECHLESS,BOYS,active,2018,6203430000,9088KST03_blue
3083KKB03,3 Level Product Style,3083KKB03,active,Maaji,KIDS > GIRLS BIKINI KIDS,default,Colombia,SUMMER 2018,COLOMBIA,GIRLS SWIMWEAR TWO PIECE 85% NYLON 15% SPANDEX KNIT,SUMMER,KIDS,LITTLE RAINFOREST,GIRLS,active,2018,6112410000,3083KKB03_red
3090KKB02,3 Level Product Style,3090KKB02,active,Maaji,KIDS > GIRLS BIKINI KIDS,default,Colombia,SUMMER 2018,COLOMBIA,GIRLS SWIMWEAR TWO PIECE 85% NYLON 15% SPANDEX KNIT,SUMMER,KIDS,CORAL BEANS,GIRLS,active,2018,6112410000,3090KKB02_red
3080KKB03,3 Level Product Style,3080KKB03,active,Maaji,KIDS > GIRLS BIKINI KIDS,default,Colombia,SUMMER 2018,COLOMBIA,GIRLS SWIMWEAR TWO PIECE 88% NYLON 12% SPANDEX KNIT,SUMMER,KIDS,STARS RAIN,GIRLS,active,2018,6112410000,3080KKB03_red
3094KKO01,3 Level Product Style,3094KKO01,active,Maaji,KIDS > GIRLS ONE PIECE KIDS,default,Colombia,SUMMER 2018,COLOMBIA,GIRLS SWIMWEAR ONE PIECE 86%NYLON 11%SPANDEX 1%POLYESTER 1%PET 1%ACRYLIC KNIT,SUMMER,KIDS,FOREVER SUMMER,GIRLS,active,2018,6112410000,3094KKO01_red
3102KKB01,3 Level Product Style,3102KKB01,active,Maaji,KIDS > GIRLS BIKINI KIDS,default,Colombia,SUMMER 2018,COLOMBIA,GIRLS SWIMWEAR TWO PIECE 91% NYLON 9% SPANDEX KNIT,SUMMER,KIDS,TEMPLE OF JOY,GIRLS,active,2018,6112410000,3102KKB01_red
3095KKS01,3 Level Product Style,3095KKS01,active,Maaji,KIDS > GIRLS SHORT KIDS,default,Colombia,SUMMER 2018,COLOMBIA,GIRLS SHORT 92% NYLON 8% SPANDEX KNIT,SUMMER,KIDS,SHINY CAMEL,GIRLS,active,2018,6104630000,3095KKS01_red
1689KKC02,3 Level Product Style,1689KKC02,active,Maaji,KIDS > GIRLS SHORT DRESS KIDS,default,Colombia,SUMMER 2018,COLOMBIA,GIRLS DRESS 100% VISCOSE WOVEN,SUMMER,KIDS,STARFISH WISHES,GIRLS,active,2018,6204440000,1689KKC02_red
1692KKC02,3 Level Product Style,1692KKC02,active,Maaji,KIDS > GIRLS SHORT DRESS KIDS,default,Colombia,SUMMER 2018,COLOMBIA,GIRLS DRESS 100% VISCOSE WOVEN,SUMMER,KIDS,SHINE ON ME,GIRLS,active,2018,6204440000,1692KKC02_red
3101KKB01,3 Level Product Style,3101KKB01,active,Maaji,KIDS > GIRLS BIKINI KIDS,default,Colombia,SUMMER 2018,COLOMBIA,GIRLS SWIMWEAR TWO PIECE 87% NYLON 13% SPANDEX KNIT,SUMMER,KIDS,ROCK DESERT,GIRLS,active,2018,6112410000,3101KKB01_black
3096KKB01,3 Level Product Style,3096KKB01,active,Maaji,KIDS > GIRLS BIKINI KIDS,default,Colombia,SUMMER 2018,COLOMBIA,GIRLS SWIMWEAR TWO PIECE 86% NYLON 14% SPANDEX KNIT,SUMMER,KIDS,TIMIA LANDSCAPE,GIRLS,active,2018,6112410000,3096KKB01_red
3088KKB02,3 Level Product Style,3088KKB02,active,Maaji,KIDS > GIRLS BIKINI KIDS,default,Colombia,SUMMER 2018,COLOMBIA,GIRLS SWIMWEAR TWO PIECE 86% NYLON 14% SPANDEX KNIT,SUMMER,KIDS,CACTI HOTEL,GIRLS,active,2018,6112410000,3088KKB02_black
3097KKR01,3 Level Product Style,3097KKR01,active,Maaji,KIDS > GIRLS RASH GUARD KIDS,default,Colombia,SUMMER 2018,COLOMBIA,GIRLS RASGUARD 92% NYLON 8% SPANDEX KNIT,SUMMER,KIDS,LOST CITY,GIRLS,active,2018,6110309000,3097KKR01_black
3091KKO02,3 Level Product Style,3091KKO02,active,Maaji,KIDS > GIRLS ONE PIECE KIDS,default,Colombia,SUMMER 2018,COLOMBIA,GIRLS SWIMWEAR ONE PIECE 86% NYLON 14% SPANDEX KNIT,SUMMER,KIDS,GREENWOODS,GIRLS,active,2018,6112410000,3091KKO02_black
1688KKC03,3 Level Product Style,1688KKC03,active,Maaji,KIDS > GIRLS SKIRT KIDS,default,Colombia,SUMMER 2018,COLOMBIA,GIRLS SKIRT 100% NYLON KNIT,SUMMER,KIDS,I ROCK,GIRLS,active,2018,6104530000,1688KKC03_black
1694KKC02,3 Level Product Style,1694KKC02,active,Maaji,KIDS > GIRLS SHORT DRESS KIDS,default,Colombia,SUMMER 2018,COLOMBIA,GIRLS DRESS 100% NYLON KNIT,SUMMER,KIDS,BLOOM BABY,GIRLS,active,2018,6104430000,1694KKC02_black
3081KKB02,3 Level Product Style,3081KKB02,active,Maaji,KIDS > GIRLS BIKINI KIDS,default,Colombia,SUMMER 2018,COLOMBIA,GIRLS SWIMWEAR TWO PIECE 83% NYLON 17% SPANDEX KNIT,SUMMER,KIDS,ROLLING WAVES,GIRLS,active,2018,6112410000,3081KKB02_blue
3053KKB02,3 Level Product Style,3053KKB02,active,Maaji,KIDS > GIRLS BIKINI KIDS,default,Colombia,SUMMER 2018,COLOMBIA,GIRLS SWIMWEAR TWO PIECE 85% NYLON 15% SPANDEX KNIT,SUMMER,KIDS,ZIZ OASIS,GIRLS,active,2018,6112410000,3053KKB02_blue
3051KKB04,3 Level Product Style,3051KKB04,active,Maaji,KIDS > GIRLS BIKINI KIDS,default,Colombia,SUMMER 2018,COLOMBIA,GIRLS SWIMWEAR TWO PIECE 86% NYLON 14% SPANDEX KNIT,SUMMER,KIDS,BAKER BEACH,GIRLS,active,2018,6112410000,3051KKB04_blue
3084KKO02,3 Level Product Style,3084KKO02,active,Maaji,KIDS > GIRLS ONE PIECE KIDS,default,Colombia,SUMMER 2018,COLOMBIA,GIRLS SWIMWEAR TWO PIECE 88% NYLON 12% SPANDEX KNIT,SUMMER,KIDS,MAGNIFICENT ARRECIFES,GIRLS,active,2018,6112410000,3084KKO02_blue
3098KKR01,3 Level Product Style,3098KKR01,active,Maaji,KIDS > GIRLS RASH GUARD KIDS,default,Colombia,SUMMER 2018,COLOMBIA,GIRLS RASGUARD 92% NYLON 8% SPANDEX KNIT,SUMMER,KIDS,WILDLIFE GORG,GIRLS,active,2018,6110309000,3098KKR01_blue
1690KKC02,3 Level Product Style,1690KKC02,active,Maaji,KIDS > GIRLS SHORT DRESS KIDS,default,Colombia,SUMMER 2018,COLOMBIA,GIRLS DRESS 100% NYLON KNIT,SUMMER,KIDS,OCEAN CALL,GIRLS,active,2018,6104430000,1690KKC02_blue
1693KKC02,3 Level Product Style,1693KKC02,active,Maaji,KIDS > GIRLS SHORT DRESS KIDS,default,Colombia,SUMMER 2018,COLOMBIA,GIRLS DRESS 100% NYLON KNIT,SUMMER,KIDS,TAKE ME WITH YOU,GIRLS,active,2018,6104430000,1693KKC02_blue
3100KKB01,3 Level Product Style,3100KKB01,active,Maaji,KIDS > GIRLS BIKINI KIDS,default,Colombia,SUMMER 2018,COLOMBIA,GIRLS SWIMWEAR TWO PIECE 87% NYLON 13% SPANDEX KNIT,SUMMER,KIDS,DUSTY STORM,GIRLS,active,2018,6112410000,3100KKB01_orange
3066KKB03,3 Level Product Style,3066KKB03,active,Maaji,KIDS > GIRLS BIKINI KIDS,default,Colombia,SUMMER 2018,COLOMBIA,GIRLS SWIMWEAR TWO PIECE 87% NYLON 13% SPANDEX KNIT,SUMMER,KIDS,ROSE OF THE DESERT,GIRLS,active,2018,6112410000,3066KKB03_orange
3101KKB02,3 Level Product Style,3101KKB02,active,Maaji,KIDS > GIRLS BIKINI KIDS,default,Colombia,SUMMER 2018,COLOMBIA,GIRLS SWIMWEAR TWO PIECE 87% NYLON 13% SPANDEX KNIT,SUMMER,KIDS,SANDY SANDBELLS,GIRLS,active,2018,6112410000,3101KKB02_orange
3099KKO01,3 Level Product Style,3099KKO01,active,Maaji,KIDS > GIRLS ONE PIECE KIDS,default,Colombia,SUMMER 2018,COLOMBIA,GIRLS SWIMWEAR ONE PIECE 87%NYLON 13%SPANDEX KNIT,SUMMER,KIDS,PASSION FRUIT FRESHNESS,GIRLS,active,2018,6112410000,3099KKO01_orange
3085KKO02,3 Level Product Style,3085KKO02,active,Maaji,KIDS > GIRLS ONE PIECE KIDS,default,Colombia,SUMMER 2018,COLOMBIA,GIRLS SWIMWEAR ONE PIECE 87%NYLON 13%SPANDEX KNIT,SUMMER,KIDS,PLAYA CHIQUITA,GIRLS,active,2018,6112410000,3085KKO02_orange
3103KKS01,3 Level Product Style,3103KKS01,active,Maaji,KIDS > GIRLS SHORT KIDS,default,Colombia,SUMMER 2018,COLOMBIA,GIRLS SHORT 92% NYLON 8% SPANDEX KNIT,SUMMER,KIDS,COYOTE VALLEY,GIRLS,active,2018,6104630000,3103KKS01_orange
1691KKC02,3 Level Product Style,1691KKC02,active,Maaji,KIDS > GIRLS SHORT KIDS,default,Colombia,SUMMER 2018,COLOMBIA,GIRLS SHORT 100% NYLON KNIT,SUMMER,KIDS,SUN FLOWER,GIRLS,active,2018,6104630000,1691KKC02_orange
1695KKC01,3 Level Product Style,1695KKC01,active,Maaji,KIDS > GIRLS SHORT DRESS KIDS,default,Colombia,SUMMER 2018,COLOMBIA,GIRLS DRESS 100% NYLON KNIT,SUMMER,KIDS,MYSTIC TREASURE,GIRLS,active,2018,6104430000,1695KKC01_orange
1891ASA01,3 Level Product Style,1891ASA01,active,Maaji,ACTIVE > TRAVEL,default,Colombia,SUMMER 2018,COLOMBIA,WOMENS SWEATSHIRT 66% COTTON 33% POLYESTER 1% SPANDEX KNIT,SUMMER,ACTIVE,PAPYRUS GRAY,WOMEN,active,2018,6114300000,1891ASA01_gray
1863ALM03,3 Level Product Style,1863ALM03,active,Maaji,ACTIVE > RUNNING,default,Colombia,SUMMER 2018,COLOMBIA,WOMENS PANTS 84% POLYESTER 14% SPANDEX 2% COTTON KNIT,SUMMER,ACTIVE,GLOWING WINGS ECRU,WOMEN,active,2018,6104630000,1863ALM03_blue
1832ASB02,3 Level Product Style,1832ASB02,active,Maaji,ACTIVE > YOGA,default,Colombia,SUMMER 2018,COLOMBIA,WOMENS SPORTS BRA 45% POLYESTER 37% NYLON 18% SPANDEX KNIT,SUMMER,ACTIVE,INSTANTANEOUS ECRU,WOMEN,active,2018,6114300000,1832ASB02_blue
1886ASH02,3 Level Product Style,1886ASH02,active,Maaji,ACTIVE > RUNNING,default,Colombia,SUMMER 2018,COLOMBIA,WOMENS SHORT 78% NYLON 22% SPANDEX KNIT,SUMMER,ACTIVE,SPRINTER WINGS ECRU,WOMEN,active,2018,6104630000,1886ASH02_blue
1760ASB05,3 Level Product Style,1760ASB05,active,Maaji,ACTIVE > DANCE,default,Colombia,SUMMER 2018,COLOMBIA,WOMENS SPORTS BRA 58% POLYESTER 27% NYLON 15% SPANDEX KNIT,SUMMER,ACTIVE,TWIST WINGS ECRU,WOMEN,active,2018,6114300000,1760ASB05_blue
1887ASA01,3 Level Product Style,1887ASA01,active,Maaji,ACTIVE > YOGA,default,Colombia,SUMMER 2018,COLOMBIA,WOMENS SWEATSHIRT 56% COTTON 44% POLYESTER KNIT,SUMMER,ACTIVE,CLOUDBURST RAGLAN BLACK,WOMEN,active,2018,6110201000,1887ASA01_blue
1872ABD01,3 Level Product Style,1872ABD01,active,Maaji,ACTIVE > DANCE,default,Colombia,SUMMER 2018,COLOMBIA,WOMENS BODY 56% NYLON 25% POLYESTER 19% SPANDEX KNIT,SUMMER,ACTIVE,MOON ECRU,WOMEN,active,2018,6108920000,1872ABD01_blue
1886ASH01,3 Level Product Style,1886ASH01,active,Maaji,ACTIVE > RUNNING,default,Colombia,SUMMER 2018,COLOMBIA,WOMENS SHORT 78% NYLON 22% SPANDEX KNIT,SUMMER,ACTIVE,SPRINTER TWIG WHITE,WOMEN,active,2018,6104630000,1886ASH01_white
1785ALY04,3 Level Product Style,1785ALY04,active,Maaji,ACTIVE > RUNNING,default,Colombia,SUMMER 2018,COLOMBIA,WOMENS LAYER 69% NYLON 21% SPANDEX 10% POLYESTER KNIT,SUMMER,ACTIVE,MESH WAVES WINGS ECRU,WOMEN,active,2018,6104330000,1785ALY04_blue
1769ALL05,3 Level Product Style,1769ALL05,active,Maaji,ACTIVE > RUNNING,default,Colombia,SUMMER 2018,COLOMBIA,WOMENS PANTS 76% NYLON 15% SPANDEX 8% POLYESTER 1% COTTON KNIT,SUMMER,ACTIVE,CAMERA ROLL BACK EMANA,WOMEN,active,2018,6104630000,1769ALL05_black
1882AST01,3 Level Product Style,1882AST01,active,Maaji,ACTIVE > TRAVEL,default,Colombia,SUMMER 2018,COLOMBIA,WOMENS SHORT SLEEVE TOP 64% NYLON 18% SPANDEX 18% COTTON KNIT,SUMMER,ACTIVE,OASIS BLACK,WOMEN,active,2018,6114300000,1882AST01_black
1786ALC07,3 Level Product Style,1786ALC07,active,Maaji,ACTIVE > RUNNING,default,Colombia,SUMMER 2018,COLOMBIA,WOMENS SHORT PANTS 84% POLYESTER 14% SPANDEX 2% COTTON KNIT,SUMMER,ACTIVE,DAZZLING PALMERA CROP,WOMEN,active,2018,6104630000,1786ALC07_blue
1779ASB04,3 Level Product Style,1779ASB04,active,Maaji,ACTIVE > DANCE,default,Colombia,SUMMER 2018,COLOMBIA,WOMENS SPORTS BRA 63% NYLON 25% SPANDEX 12% POLYESTER KNIT,SUMMER,ACTIVE,RIPPLE BLACK,WOMEN,active,2018,6114300000,1779ASB04_blue
1883ATT03,3 Level Product Style,1883ATT03,active,Maaji,ACTIVE > DANCE,default,Colombia,SUMMER 2018,COLOMBIA,WOMENS TANK TOP 100% COTTON KNIT,SUMMER,ACTIVE,UTOPIA LILAC,WOMEN,active,2018,6114200000,1883ATT03_blue
1876ASH01,3 Level Product Style,1876ASH01,active,Maaji,ACTIVE > YOGA,default,Colombia,SUMMER 2018,COLOMBIA,WOMENS SHORT 47% NYLON 27% POLYESTER 26% SPANDEX KNIT,SUMMER,ACTIVE,CONVERT WINGS DUSK,WOMEN,active,2018,6104630000,1876ASH01_blue
1879ASB01,3 Level Product Style,1879ASB01,active,Maaji,ACTIVE > DANCE,default,Colombia,SUMMER 2018,COLOMBIA,WOMENS SPORTS BRA 76% NYLON 24% SPANDEX KNIT,SUMMER,ACTIVE,MIRAGE BLUE,WOMEN,active,2018,6114300000,1879ASB01_blue
1823ALC05,3 Level Product Style,1823ALC05,active,Maaji,ACTIVE > DANCE,default,Colombia,SUMMER 2018,COLOMBIA,WOMENS SHORT PANTS 67% NYLON 17% POLYESTER 16% SPANDEX KNIT,SUMMER,ACTIVE,BANNER WINGS DUSK,WOMEN,active,2018,6104630000,1823ALC05_blue
1875ASB01,3 Level Product Style,1875ASB01,active,Maaji,ACTIVE > YOGA,default,Colombia,SUMMER 2018,COLOMBIA,WOMENS SPORTS BRA 59% NYLON 26% SPANDEX 15% POLYESTER KNIT,SUMMER,ACTIVE,INFATUATION BLACK,WOMEN,active,2018,6114300000,1875ASB01_blue
1827ASB03,3 Level Product Style,1827ASB03,active,Maaji,ACTIVE > RUNNING,default,Colombia,SUMMER 2018,COLOMBIA,WOMENS SPORTS BRA 71% NYLON 20% SPANDEX 9% POLYESTER KNIT,SUMMER,ACTIVE,INERTIA DUSK,WOMEN,active,2018,6114300000,1827ASB03_blue
1837ALM04,3 Level Product Style,1837ALM04,active,Maaji,ACTIVE > DANCE,default,Colombia,SUMMER 2018,COLOMBIA,WOMENS PANTS 84% NYLON 8% SPANDEX 6% POLYESTER 2% COTTON KNIT,SUMMER,ACTIVE,PULSE SPACE DYE DUSK,WOMEN,active,2018,6104630000,1837ALM04_blue
1825ALM05,3 Level Product Style,1825ALM05,active,Maaji,ACTIVE > DANCE,default,Colombia,SUMMER 2018,COLOMBIA,WOMENS PANTS 57% NYLON 31% SPANDEX 12% POLYESTER KNIT,SUMMER,ACTIVE,CROCHETTA DUSK,WOMEN,active,2018,6104630000,1825ALM05_blue
1806ALM03,3 Level Product Style,1806ALM03,active,Maaji,ACTIVE > YOGA,default,Colombia,SUMMER 2018,COLOMBIA,WOMENS PANTS 58% NYLON 33% SPANDEX 7% POLYESTER 2% COTTON KNIT,SUMMER,ACTIVE,LANE DUSK,WOMEN,active,2018,6104630000,1806ALM03_blue
1786ALM08,3 Level Product Style,1786ALM08,active,Maaji,ACTIVE > RUNNING,default,Colombia,SUMMER 2018,COLOMBIA,WOMENS PANTS 84% POLYESTER 14% SPANDEX 2% COTTON KNIT,SUMMER,ACTIVE,DAZZLING PALMERA,WOMEN,active,2018,6104630000,1786ALM08_blue
1849ATT01,3 Level Product Style,1849ATT01,active,Maaji,ACTIVE > RUNNING,default,Colombia,SUMMER 2018,COLOMBIA,WOMENS TANK TOP 78% NYLON 22% SPANDEX KNIT,SUMMER,ACTIVE,SOLSTICE BLACK,WOMEN,active,2018,6114300000,1849ATT01_black
1888ATT03,3 Level Product Style,1888ATT03,active,Maaji,ACTIVE > TRAVEL,default,Colombia,SUMMER 2018,COLOMBIA,WOMENS TANK TOP 70% NYLON 20% SPANDEX 10% COTTON KNIT,SUMMER,ACTIVE,EDEN WINGS BLUE,WOMEN,active,2018,6114300000,1888ATT03_blue
1795APA05,3 Level Product Style,1795APA05,active,Maaji,ACTIVE > TRAVEL,default,Colombia,SUMMER 2018,COLOMBIA,WOMENS PANTS 78% NYLON 21% SPANDEX 1% COTTON KNIT,SUMMER,ACTIVE,PURE VIBES WINGS DUSK,WOMEN,active,2018,6104630000,1795APA05_blue
1883ATT02,3 Level Product Style,1883ATT02,active,Maaji,ACTIVE > DANCE,default,Colombia,SUMMER 2018,COLOMBIA,WOMENS TANK TOP 100% COTTON KNIT,SUMMER,ACTIVE,UTOPIA ECRU,WOMEN,active,2018,6114200000,1883ATT02_blue
1892ALY01,3 Level Product Style,1892ALY01,active,Maaji,ACTIVE > YOGA,default,Colombia,SUMMER 2018,COLOMBIA,WOMENS LAYER 50% COTTON 50% MODAL KNIT,SUMMER,ACTIVE,SCENT DIP DYE GRAY,WOMEN,active,2018,6114300000,1892ALY01_blue
1869ALS03,3 Level Product Style,1869ALS03,active,Maaji,ACTIVE > TRAVEL,default,Colombia,SUMMER 2018,COLOMBIA,WOMENS LONG SLEEVE TOP 50% COTTON 50% MODAL KNIT,SUMMER,ACTIVE,CHAI GRAY,WOMEN,active,2018,6114300000,1869ALS03_blue
1889AHL01,3 Level Product Style,1889AHL01,active,Maaji,ACTIVE > TRAVEL,default,Colombia,SUMMER 2018,COLOMBIA,WOMENS LONG SLEEVE HOODIE 55% COTTON 45% POLYESTER KNIT,SUMMER,ACTIVE,STARGAZER GRAY,WOMEN,active,2018,6102300000,1889AHL01_gray
1868ASB01,3 Level Product Style,1868ASB01,active,Maaji,ACTIVE > DANCE,default,Colombia,SUMMER 2018,COLOMBIA,WOMENS SPORTS BRA 43%NYLON 37%POLYESTER 20%SPANDEX KNIT,SUMMER,ACTIVE,INSTANT MUSE JUNGLE,WOMEN,active,2018,6114300000,1868ASB01_blue
1760ASB07,3 Level Product Style,1760ASB07,active,Maaji,ACTIVE > YOGA,default,Colombia,SUMMER 2018,COLOMBIA,WOMENS SPORTS BRA 65% POLYESTER 19% NYLON 16% SPANDEX KNIT,SUMMER,ACTIVE,TWIST SPACED CHARCOAL,WOMEN,active,2018,6114300000,1760ASB07_black
1881ASB01,3 Level Product Style,1881ASB01,active,Maaji,ACTIVE > DANCE,default,Colombia,SUMMER 2018,COLOMBIA,WOMENS SPORTS BRA 80% POLYESTER 20% SPANDEX KNIT,SUMMER,ACTIVE,AGAVE PALMS EVERGREEN,WOMEN,active,2018,6109900000,1881ASB01_green
1873ASB01,3 Level Product Style,1873ASB01,active,Maaji,ACTIVE > RUNNING,default,Colombia,SUMMER 2018,COLOMBIA,WOMENS SPORTS BRA 56% NYLON 27 %POLYESTER 17 %SPANDEX KNIT,SUMMER,ACTIVE,RESERVOIR CHARCOAL EMANA,WOMEN,active,2018,6109909000,1873ASB01_black
1765ASB03,3 Level Product Style,1765ASB03,active,Maaji,ACTIVE > YOGA,default,Colombia,SUMMER 2018,COLOMBIA,WOMENS SPORTS BRA 46% NYLON 28% POLYESTER 26% SPANDEX KNIT,SUMMER,ACTIVE,RADIANT EVERGREEN,WOMEN,active,2018,6109909000,1765ASB03_black
1827ASB04,3 Level Product Style,1827ASB04,active,Maaji,ACTIVE > RUNNING,default,Colombia,SUMMER 2018,COLOMBIA,WOMENS SPORTS BRA 46% NYLON 28% POLYESTER 26% SPANDEX KNIT,SUMMER,ACTIVE,INERTIA EVERGREEN,WOMEN,active,2018,6114300000,1827ASB04_green
1876ASH02,3 Level Product Style,1876ASH02,active,Maaji,ACTIVE > YOGA,default,Colombia,SUMMER 2018,COLOMBIA,WOMENS SHORT 84% NYLON 16% SPANDEX KNIT,SUMMER,ACTIVE,CONVERT SPACED CHARCOAL,WOMEN,active,2018,6104630000,1876ASH02_black
1863ALM04,3 Level Product Style,1863ALM04,active,Maaji,ACTIVE > YOGA,default,Colombia,SUMMER 2018,COLOMBIA,WOMENS PANTS 84% POLYESTER 14% SPANDEX 2% COTTON KNIT,SUMMER,ACTIVE,GLOWING LEAF EVERGREEN,WOMEN,active,2018,6104630000,1863ALM04_green
1866ALM02,3 Level Product Style,1866ALM02,active,Maaji,ACTIVE > DANCE,default,Colombia,SUMMER 2018,COLOMBIA,WOMENS PANTS 80% POLYESTER 20% SPANDEX KNIT,SUMMER,ACTIVE,NATIVE REVERSE PALMS EVERGREEN,WOMEN,active,2018,6104630000,1866ALM02_green
1791ALM02,3 Level Product Style,1791ALM02,active,Maaji,ACTIVE > YOGA,default,Colombia,SUMMER 2018,COLOMBIA,WOMENS PANTS 58% NYLON 33% SPANDEX 7% POLYESTER 2% COTTON KNIT,SUMMER,ACTIVE,SIREN EVERGREEN,WOMEN,active,2018,6104630000,1791ALM02_green
1813ALM08,3 Level Product Style,1813ALM08,active,Maaji,ACTIVE > RUNNING,default,Colombia,SUMMER 2018,COLOMBIA,WOMENS PANTS 69% NYLON 16% SPANDEX 10% POLYESTER 5% COTTON KNIT,SUMMER,ACTIVE,DAZEFUL SWITCHBACK CHARCOAL EMANA,WOMEN,active,2018,6104630000,1813ALM08_green
1786ALM05,3 Level Product Style,1786ALM05,active,Maaji,ACTIVE > RUNNING,default,Colombia,SUMMER 2018,COLOMBIA,WOMENS PANTS 84% POLYESTER 14% SPANDEX 2% COTTON KNIT,SUMMER,ACTIVE,DAZZLING JUNGLE,WOMEN,active,2018,6104630000,1786ALM05_green
1833ALL02,3 Level Product Style,1833ALL02,active,Maaji,ACTIVE > RUNNING,default,Colombia,SUMMER 2018,COLOMBIA,WOMENS PANTS 67% NYLON 27% SPANDEX 5% POLYESTER 1% COTTON KNIT,SUMMER,ACTIVE,SCOOPE EVERGREEN,WOMEN,active,2018,6104630000,1833ALL02_green
1823ALL03,3 Level Product Style,1823ALL03,active,Maaji,ACTIVE > DANCE,default,Colombia,SUMMER 2018,COLOMBIA,WOMENS PANTS 77% NYLON 16% SPANDEX 7% POLYESTER KNIT,SUMMER,ACTIVE,BANNER CHARCOAL EMANA,WOMEN,active,2018,6104630000,1823ALL03_black
1877AJG01,3 Level Product Style,1877AJG01,active,Maaji,ACTIVE > TRAVEL,default,Colombia,SUMMER 2018,COLOMBIA,WOMENS PANTS 94% NYLON 6% SPANDEX KNIT,SUMMER,ACTIVE,CANYON BLACK,WOMEN,active,2018,6104630000,1877AJG01_green
1886ASH03,3 Level Product Style,1886ASH03,active,Maaji,ACTIVE > RUNNING,default,Colombia,SUMMER 2018,COLOMBIA,WOMENS SHORT 73% NYLON 21% SPANDEX 6% POLYESTER KNIT,SUMMER,ACTIVE,SPRINTER WINGS EVERGREEN,WOMEN,active,2018,6104630000,1886ASH03_green
1888ATT01,3 Level Product Style,1888ATT01,active,Maaji,ACTIVE > RUNNING,default,Colombia,SUMMER 2018,COLOMBIA,WOMENS TANK TOP 70% NYLON 20% SPANDEX 10% COTTON KNIT,SUMMER,ACTIVE,EDEN EVERGREEN,WOMEN,active,2018,6114300000,1888ATT01_green
1883ATT04,3 Level Product Style,1883ATT04,active,Maaji,ACTIVE > DANCE,default,Colombia,SUMMER 2018,COLOMBIA,WOMENS TANK TOP 100% COTTON KNIT,SUMMER,ACTIVE,UTOPIA MINT,WOMEN,active,2018,6114200000,1883ATT04_blue
1883ATT05,3 Level Product Style,1883ATT05,active,Maaji,ACTIVE > DANCE,default,Colombia,SUMMER 2018,COLOMBIA,WOMENS TANK TOP 100% COTTON KNIT,SUMMER,ACTIVE,UTOPIA BLACK,WOMEN,active,2018,6114200000,1883ATT05_black
1892ALY03,3 Level Product Style,1892ALY03,active,Maaji,ACTIVE > DANCE,default,Colombia,SUMMER 2018,COLOMBIA,WOMENS LAYER 50% COTTON 50% MODAL KNIT,SUMMER,ACTIVE,SCENT DIP DYE LILAC,WOMEN,active,2018,6114300000,1892ALY03_blue
1880ATS03,3 Level Product Style,1880ATS03,active,Maaji,ACTIVE > RUNNING,default,Colombia,SUMMER 2018,COLOMBIA,WOMENS T-SHIRT 100% COTTON KNIT,SUMMER,ACTIVE,EARTH T GRAY,WOMEN,active,2018,6109100000,1880ATS03_black
1869ALS01,3 Level Product Style,1869ALS01,active,Maaji,ACTIVE > YOGA,default,Colombia,SUMMER 2018,COLOMBIA,WOMENS LONG SLEEVE TOP 50% COTTON 50% MODAL KNIT,SUMMER,ACTIVE,CHAI EVERGREEN,WOMEN,active,2018,6114300000,1869ALS01_green
1890ASA01,3 Level Product Style,1890ASA01,active,Maaji,ACTIVE > TRAVEL,default,Colombia,SUMMER 2018,COLOMBIA,WOMENS SWEATSHIRT 56% COTTON 44% POLYESTER KNIT,SUMMER,ACTIVE,WINK GRAY,WOMEN,active,2018,6110201000,1890ASA01_green
1864ALY02,3 Level Product Style,1864ALY02,active,Maaji,ACTIVE > YOGA,default,Colombia,SUMMER 2018,COLOMBIA,WOMENS LAYER 70% ACRYLIC 30% COTTON KNIT,SUMMER,ACTIVE,DUNES EVERGREEN,WOMEN,active,2018,6106200000,1864ALY02_green
1865AHL02,3 Level Product Style,1865AHL02,active,Maaji,ACTIVE > YOGA,default,Colombia,SUMMER 2018,COLOMBIA,WOMENS LONG SLEEVE HOODIE 70% ACRYLIC 30% COTTON KNIT,SUMMER,ACTIVE,SANDY EVERGREEN,WOMEN,active,2018,6110301000,1865AHL02_green
1878AVS01,3 Level Product Style,1878AVS01,active,Maaji,ACTIVE > RUNNING,default,Colombia,SUMMER 2018,COLOMBIA,WOMENS VEST 58% POLYESTER 33% NYLON 9% SPANDEX WOVEN,SUMMER,ACTIVE,SLICKER GRAY,WOMEN,active,2018,6217100000,1878AVS01_black
1845AJK02,3 Level Product Style,1845AJK02,active,Maaji,ACTIVE > RUNNING,default,Colombia,SUMMER 2018,COLOMBIA,WOMENS JACKET 45% POLYESTER 44% NYLON 11% SPANDEX WOVEN,SUMMER,ACTIVE,EIGHT TRACK SPOTTED EVERGREEN,WOMEN,active,2018,6202930000,1845AJK02_green
1885ASH02,3 Level Product Style,1885ASH02,active,Maaji,ACTIVE > RUNNING,default,Colombia,SUMMER 2018,COLOMBIA,WOMENS SHORT 69% POLYESTER 24% NYLON 7% SPANDEX WOVEN,SUMMER,ACTIVE,BOOST SPOTTED EVERGREEN,WOMEN,active,2018,6204630000,1885ASH02_green
1871ASB01,3 Level Product Style,1871ASB01,active,Maaji,ACTIVE > YOGA,default,Colombia,SUMMER 2018,COLOMBIA,WOMENS SPORTS BRA 70% NYLON 30% SPANDEX KNIT,SUMMER,ACTIVE,VITAL FLORA ROSE,WOMEN,active,2018,6114300000,1871ASB01_red
1779ASB05,3 Level Product Style,1779ASB05,active,Maaji,ACTIVE > YOGA,default,Colombia,SUMMER 2018,COLOMBIA,WOMENS SPORTS BRA 70% NYLON 30% SPANDEX KNIT,SUMMER,ACTIVE,RIPPLE ROSE,WOMEN,active,2018,6114300000,1779ASB05_red
1760ASB06,3 Level Product Style,1760ASB06,active,Maaji,ACTIVE > DANCE,default,Colombia,SUMMER 2018,COLOMBIA,WOMENS SPORTS BRA 41% NYLON 40% SPANDEX 19% POLYESTER KNIT,SUMMER,ACTIVE,TWIST LEAF ROSE,WOMEN,active,2018,6114300000,1760ASB06_black
1881ASB02,3 Level Product Style,1881ASB02,active,Maaji,ACTIVE > DANCE,default,Colombia,SUMMER 2018,COLOMBIA,WOMENS SPORTS BRA 80% POLYESTER 20% SPANDEX KNIT,SUMMER,ACTIVE,AGAVE PALMS ROSE,WOMEN,active,2018,6109900000,1881ASB02_black
1835ALC03,3 Level Product Style,1835ALC03,active,Maaji,ACTIVE > RUNNING,default,Colombia,SUMMER 2018,COLOMBIA,WOMENS SHORT PANTS 77% NYLON 20% SPANDEX 3% POLYESTER KNIT,SUMMER,ACTIVE,CURRENT CHALK EMANA,WOMEN,active,2018,6104630000,1835ALC03_black
1786ALC06,3 Level Product Style,1786ALC06,active,Maaji,ACTIVE > DANCE,default,Colombia,SUMMER 2018,COLOMBIA,WOMENS PANTS 50% SPANDEX 42% NYLON 6% POLYESTER 2% COTTON KNIT,SUMMER,ACTIVE,DAZZLING FLORAL ROSE,WOMEN,active,2018,6104630000,1786ALC06_red
1863ALM05,3 Level Product Style,1863ALM05,active,Maaji,ACTIVE > RUNNING,default,Colombia,SUMMER 2018,COLOMBIA,WOMENS PANTS 77% POLYESTER 14% SPANDEX 8% NYLON 1% COTTON KNIT,SUMMER,ACTIVE,GLOWING LEAF GRAY,WOMEN,active,2018,6104630000,1863ALM05_black
1866ALM01,3 Level Product Style,1866ALM01,active,Maaji,ACTIVE > DANCE,default,Colombia,SUMMER 2018,COLOMBIA,WOMENS PANTS 80% POLYESTER 20% SPANDEX KNIT,SUMMER,ACTIVE,NATIVE REVERSE PALMS ROSE,WOMEN,active,2018,6104630000,1866ALM01_black
1825ALM04,3 Level Product Style,1825ALM04,active,Maaji,ACTIVE > YOGA,default,Colombia,SUMMER 2018,COLOMBIA,WOMENS PANTS 62% NYLON 36% SPANDEX 2% COTTON KNIT,SUMMER,ACTIVE,CROCHETTA DARK GRAY,WOMEN,active,2018,6104630000,1825ALM04_red
1823ALL04,3 Level Product Style,1823ALL04,active,Maaji,ACTIVE > DANCE,default,Colombia,SUMMER 2018,COLOMBIA,WOMENS PANTS 57% NYLON 31% SPANDEX 12% POLYESTER KNIT,SUMMER,ACTIVE,BANNER DARK GRAY,WOMEN,active,2018,6104630000,1823ALL04_red
1822ALL04,3 Level Product Style,1822ALL04,active,Maaji,ACTIVE > YOGA,default,Colombia,SUMMER 2018,COLOMBIA,WOMENS PANTS 76% NYLON 24% SPANDEX KNIT,SUMMER,ACTIVE,DOUBLE DREAM FLORAL GRAY,WOMEN,active,2018,6104630000,1822ALL04_red
1795APA04,3 Level Product Style,1795APA04,active,Maaji,ACTIVE > TRAVEL,default,Colombia,SUMMER 2018,COLOMBIA,WOMENS PANTS 78% NYLON 21% SPANDEX 1% COTTON KNIT,SUMMER,ACTIVE,PURE VIBES TWIG WHITE,WOMEN,active,2018,6104630000,1795APA04_white
1888ATT02,3 Level Product Style,1888ATT02,active,Maaji,ACTIVE > RUNNING,default,Colombia,SUMMER 2018,COLOMBIA,WOMENS TANK TOP 70% NYLON 20% SPANDEX 10% COTTON KNIT,SUMMER,ACTIVE,EDEN ECRU,WOMEN,active,2018,6114300000,1888ATT02_white
1883ATT06,3 Level Product Style,1883ATT06,active,Maaji,ACTIVE > DANCE,default,Colombia,SUMMER 2018,COLOMBIA,WOMENS TANK TOP 100% COTTON KNIT,SUMMER,ACTIVE,UTOPIA WHITE,WOMEN,active,2018,6114200000,1883ATT06_red
1883ATT01,3 Level Product Style,1883ATT01,active,Maaji,ACTIVE > YOGA,default,Colombia,SUMMER 2018,COLOMBIA,WOMENS TANK TOP 100% COTTON KNIT,SUMMER,ACTIVE,UTOPIA ROSE,WOMEN,active,2018,6114200000,1883ATT01_white
1892ALY02,3 Level Product Style,1892ALY02,active,Maaji,ACTIVE > YOGA,default,Colombia,SUMMER 2018,COLOMBIA,WOMENS LAYER 50% COTTON 50% MODAL KNIT,SUMMER,ACTIVE,SCENT DIP DYE ORANGE,WOMEN,active,2018,6114300000,1892ALY02_red
1880ATS02,3 Level Product Style,1880ATS02,active,Maaji,ACTIVE > DANCE,default,Colombia,SUMMER 2018,COLOMBIA,WOMENS T-SHIRT 100% COTTON KNIT,SUMMER,ACTIVE,EARTH T WHITE,WOMEN,active,2018,6109100000,1880ATS02_white
1787ALY04,3 Level Product Style,1787ALY04,active,Maaji,ACTIVE > TRAVEL,default,Colombia,SUMMER 2018,COLOMBIA,WOMENS LAYER 68% VISCOSE 22% NYLON 10% SPANDEX KNIT,SUMMER,ACTIVE,WATERFALL GRAY,WOMEN,active,2018,6110309000,1787ALY04_red
1884ALY01,3 Level Product Style,1884ALY01,active,Maaji,ACTIVE > DANCE,default,Colombia,SUMMER 2018,COLOMBIA,WOMENS LAYER 100% COTTON KNIT,SUMMER,ACTIVE,FULL MOON WHITE,WOMEN,active,2018,6114200000,1884ALY01_white
1869ALS02,3 Level Product Style,1869ALS02,active,Maaji,ACTIVE > RUNNING,default,Colombia,SUMMER 2018,COLOMBIA,WOMENS LONG SLEEVE TOP 50% COTTON 50% MODAL KNIT,SUMMER,ACTIVE,CHAI ROSE,WOMEN,active,2018,6114300000,1869ALS02_red
1864ALY01,3 Level Product Style,1864ALY01,active,Maaji,ACTIVE > YOGA,default,Colombia,SUMMER 2018,COLOMBIA,WOMENS LAYER 70% ACRYLIC 30% COTTON KNIT,SUMMER,ACTIVE,DUNES WHITE,WOMEN,active,2018,6106200000,1864ALY01_white
1865AHL01,3 Level Product Style,1865AHL01,active,Maaji,ACTIVE > YOGA,default,Colombia,SUMMER 2018,COLOMBIA,WOMENS LONG SLEEVE HOODIE 70% ACRYLIC 30% COTTON KNIT,SUMMER,ACTIVE,SANDY WHITE,WOMEN,active,2018,6110301000,1865AHL01_white
1870AJK01,3 Level Product Style,1870AJK01,active,Maaji,ACTIVE > RUNNING,default,Colombia,SUMMER 2018,COLOMBIA,WOMENS JACKET 81% POLYESTER 15% NYLON 4% SPANDEX WOVEN,SUMMER,ACTIVE,BREAKERS LEAF,WOMEN,active,2018,6202930000,1870AJK01_red
1845AJK03,3 Level Product Style,1845AJK03,active,Maaji,ACTIVE > TRAVEL,default,Colombia,SUMMER 2018,COLOMBIA,WOMENS JACKET 45% POLYESTER 44% NYLON 11% SPANDEX WOVEN,SUMMER,ACTIVE,EIGHT TRACK SPOTTED ROSE,WOMEN,active,2018,6202930000,1845AJK03_red
1885ASH01,3 Level Product Style,1885ASH01,active,Maaji,ACTIVE > DANCE,default,Colombia,SUMMER 2018,COLOMBIA,WOMENS SHORT 69% POLYESTER 24% NYLON 7% SPANDEX WOVEN,SUMMER,ACTIVE,BOOST SPOTTED ROSE,WOMEN,active,2018,6204630000,1885ASH01_red
