lv1_code,product_class_name,name,status,brand,attribute.dw_size_code.single_option,attribute.saya_ean.string,attribute.saya_size.single_option,price_item.1.amount,price_item.1.price_book,
1049TSS04_blue_sm,1049TSS04,Size,1049TSS04_blue_sm,active,Maaji,PEQUEÑO,7702781037499,PEQUEÑO,180000,COP Price
1049TSS04_blue_md,1049TSS04,Size,1049TSS04_blue_md,active,Maaji,MEDIO,7702781037505,MEDIO,180000,COP Price
1049TSS04_blue_lg,1049TSS04,Size,1049TSS04_blue_lg,active,Maaji,GRANDE,7702781037512,GRANDE,180000,COP Price
1049TSS04_blue_xl,1049TSS04,Size,1049TSS04_blue_xl,active,Maaji,EXTRA GRANDE,7702781037529,EXTRA GRANDE,180000,COP Price
1049TSS03_green_sm,1049TSS03,Size,1049TSS03_green_sm,active,Maaji,PEQUEÑO,7702781038571,PEQUEÑO,180000,COP Price
1049TSS03_green_md,1049TSS03,Size,1049TSS03_green_md,active,Maaji,MEDIO,7702781038588,MEDIO,180000,COP Price
1049TSS03_green_lg,1049TSS03,Size,1049TSS03_green_lg,active,Maaji,GRANDE,7702781038595,GRANDE,180000,COP Price
1049TSS03_green_xl,1049TSS03,Size,1049TSS03_green_xl,active,Maaji,EXTRA GRANDE,7702781038601,EXTRA GRANDE,180000,COP Price
1049TSS02_red_sm,1049TSS02,Size,1049TSS02_red_sm,active,Maaji,PEQUEÑO,7702781037291,PEQUEÑO,180000,COP Price
1049TSS02_red_md,1049TSS02,Size,1049TSS02_red_md,active,Maaji,MEDIO,7702781037307,MEDIO,180000,COP Price
1049TSS02_red_lg,1049TSS02,Size,1049TSS02_red_lg,active,Maaji,GRANDE,7702781037314,GRANDE,180000,COP Price
1049TSS02_red_xl,1049TSS02,Size,1049TSS02_red_xl,active,Maaji,EXTRA GRANDE,7702781037321,EXTRA GRANDE,180000,COP Price
1046TSF04_wine_sm,1046TSF04,Size,1046TSF04_wine_sm,active,Maaji,PEQUEÑO,7702781043421,PEQUEÑO,180000,COP Price
1046TSF04_wine_md,1046TSF04,Size,1046TSF04_wine_md,active,Maaji,MEDIO,7702781043438,MEDIO,180000,COP Price
1046TSF04_wine_lg,1046TSF04,Size,1046TSF04_wine_lg,active,Maaji,GRANDE,7702781043445,GRANDE,180000,COP Price
1046TSF04_wine_xl,1046TSF04,Size,1046TSF04_wine_xl,active,Maaji,EXTRA GRANDE,7702781043452,EXTRA GRANDE,180000,COP Price
1046TSF03_blue_sm,1046TSF03,Size,1046TSF03_blue_sm,active,Maaji,PEQUEÑO,7702781038526,PEQUEÑO,180000,COP Price
1046TSF03_blue_md,1046TSF03,Size,1046TSF03_blue_md,active,Maaji,MEDIO,7702781038533,MEDIO,180000,COP Price
1046TSF03_blue_lg,1046TSF03,Size,1046TSF03_blue_lg,active,Maaji,GRANDE,7702781038540,GRANDE,180000,COP Price
1046TSF03_blue_xl,1046TSF03,Size,1046TSF03_blue_xl,active,Maaji,EXTRA GRANDE,7702781038557,EXTRA GRANDE,180000,COP Price
1042TRS03_red_sm,1042TRS03,Size,1042TRS03_red_sm,active,Maaji,PEQUEÑO,7702781039226,PEQUEÑO,189000,COP Price
1042TRS03_red_md,1042TRS03,Size,1042TRS03_red_md,active,Maaji,MEDIO,7702781039233,MEDIO,189000,COP Price
1042TRS03_red_lg,1042TRS03,Size,1042TRS03_red_lg,active,Maaji,GRANDE,7702781039240,GRANDE,189000,COP Price
1042TRS03_red_xl,1042TRS03,Size,1042TRS03_red_xl,active,Maaji,EXTRA GRANDE,7702781039257,EXTRA GRANDE,189000,COP Price
1042TRS02_blue_sm,1042TRS02,Size,1042TRS02_blue_sm,active,Maaji,PEQUEÑO,7702781038977,PEQUEÑO,189000,COP Price
1042TRS02_blue_md,1042TRS02,Size,1042TRS02_blue_md,active,Maaji,MEDIO,7702781038984,MEDIO,189000,COP Price
1042TRS02_blue_lg,1042TRS02,Size,1042TRS02_blue_lg,active,Maaji,GRANDE,7702781038991,GRANDE,189000,COP Price
1042TRS02_blue_xl,1042TRS02,Size,1042TRS02_blue_xl,active,Maaji,EXTRA GRANDE,7702781039004,EXTRA GRANDE,189000,COP Price
1041TBS03_green_sm,1041TBS03,Size,1041TBS03_green_sm,active,Maaji,PEQUEÑO,7702781038823,PEQUEÑO,180000,COP Price
1041TBS03_green_md,1041TBS03,Size,1041TBS03_green_md,active,Maaji,MEDIO,7702781038830,MEDIO,180000,COP Price
1041TBS03_green_lg,1041TBS03,Size,1041TBS03_green_lg,active,Maaji,GRANDE,7702781038847,GRANDE,180000,COP Price
1041TBS03_green_xl,1041TBS03,Size,1041TBS03_green_xl,active,Maaji,EXTRA GRANDE,7702781038854,EXTRA GRANDE,180000,COP Price
1041TBS02_red_sm,1041TBS02,Size,1041TBS02_red_sm,active,Maaji,PEQUEÑO,7702781038779,PEQUEÑO,180000,COP Price
1041TBS02_red_md,1041TBS02,Size,1041TBS02_red_md,active,Maaji,MEDIO,7702781038786,MEDIO,180000,COP Price
1041TBS02_red_lg,1041TBS02,Size,1041TBS02_red_lg,active,Maaji,GRANDE,7702781038793,GRANDE,180000,COP Price
1041TBS02_red_xl,1041TBS02,Size,1041TBS02_red_xl,active,Maaji,EXTRA GRANDE,7702781038809,EXTRA GRANDE,180000,COP Price
1038TSL03_red_sm,1038TSL03,Size,1038TSL03_red_sm,active,Maaji,PEQUEÑO,7702781039523,PEQUEÑO,189000,COP Price
1038TSL03_red_md,1038TSL03,Size,1038TSL03_red_md,active,Maaji,MEDIO,7702781039530,MEDIO,189000,COP Price
1038TSL03_red_lg,1038TSL03,Size,1038TSL03_red_lg,active,Maaji,GRANDE,7702781039547,GRANDE,189000,COP Price
1038TSL03_red_xl,1038TSL03,Size,1038TSL03_red_xl,active,Maaji,EXTRA GRANDE,7702781039554,EXTRA GRANDE,189000,COP Price
1038TSL02_green_sm,1038TSL02,Size,1038TSL02_green_sm,active,Maaji,PEQUEÑO,7702781039325,PEQUEÑO,189000,COP Price
1038TSL02_green_md,1038TSL02,Size,1038TSL02_green_md,active,Maaji,MEDIO,7702781039332,MEDIO,189000,COP Price
1038TSL02_green_lg,1038TSL02,Size,1038TSL02_green_lg,active,Maaji,GRANDE,7702781039349,GRANDE,189000,COP Price
1038TSL02_green_xl,1038TSL02,Size,1038TSL02_green_xl,active,Maaji,EXTRA GRANDE,7702781039356,EXTRA GRANDE,189000,COP Price
1372CSH02_white_sm,1372CSH02,Size,1372CSH02_white_sm,active,Maaji,PEQUEÑO,7702781027261,PEQUEÑO,125000,COP Price
1372CSH02_white_md,1372CSH02,Size,1372CSH02_white_md,active,Maaji,MEDIO,7702781027278,MEDIO,125000,COP Price
1372CSH02_white_lg,1372CSH02,Size,1372CSH02_white_lg,active,Maaji,GRANDE,7702781027285,GRANDE,125000,COP Price
1422CSD04_purple_sm,1422CSD04,Size,1422CSD04_purple_sm,active,Maaji,PEQUEÑO,7702781028060,PEQUEÑO,180000,COP Price
1422CSD04_purple_md,1422CSD04,Size,1422CSD04_purple_md,active,Maaji,MEDIO,7702781028077,MEDIO,180000,COP Price
1422CSD04_purple_lg,1422CSD04,Size,1422CSD04_purple_lg,active,Maaji,GRANDE,7702781028084,GRANDE,180000,COP Price
1438CSD05_red_sm,1438CSD05,Size,1438CSD05_red_sm,active,Maaji,PEQUEÑO,7702781030971,PEQUEÑO,180000,COP Price
1438CSD05_red_md,1438CSD05,Size,1438CSD05_red_md,active,Maaji,MEDIO,7702781030988,MEDIO,180000,COP Price
1438CSD05_red_lg,1438CSD05,Size,1438CSD05_red_lg,active,Maaji,GRANDE,7702781030995,GRANDE,180000,COP Price
1442CSH05_purple_sm,1442CSH05,Size,1442CSH05_purple_sm,active,Maaji,PEQUEÑO,7702781027407,PEQUEÑO,125000,COP Price
1442CSH05_purple_md,1442CSH05,Size,1442CSH05_purple_md,active,Maaji,MEDIO,7702781027414,MEDIO,125000,COP Price
1442CSH05_purple_lg,1442CSH05,Size,1442CSH05_purple_lg,active,Maaji,GRANDE,7702781027421,GRANDE,125000,COP Price
1442CSH06_blue_sm,1442CSH06,Size,1442CSH06_blue_sm,active,Maaji,PEQUEÑO,7702781027452,PEQUEÑO,125000,COP Price
1442CSH06_blue_md,1442CSH06,Size,1442CSH06_blue_md,active,Maaji,MEDIO,7702781027469,MEDIO,125000,COP Price
1442CSH06_blue_lg,1442CSH06,Size,1442CSH06_blue_lg,active,Maaji,GRANDE,7702781027476,GRANDE,125000,COP Price
1446CKL01_blue_sm,1446CKL01,Size,1446CKL01_blue_sm,active,Maaji,PEQUEÑO,7702781027506,PEQUEÑO,180000,COP Price
1446CKL01_blue_md,1446CKL01,Size,1446CKL01_blue_md,active,Maaji,MEDIO,7702781027513,MEDIO,180000,COP Price
1446CKL01_blue_lg,1446CKL01,Size,1446CKL01_blue_lg,active,Maaji,GRANDE,7702781027520,GRANDE,180000,COP Price
1461CSD03_blue_sm,1461CSD03,Size,1461CSD03_blue_sm,active,Maaji,PEQUEÑO,7702781030650,PEQUEÑO,180000,COP Price
1461CSD03_blue_md,1461CSD03,Size,1461CSD03_blue_md,active,Maaji,MEDIO,7702781030667,MEDIO,180000,COP Price
1461CSD03_blue_lg,1461CSD03,Size,1461CSD03_blue_lg,active,Maaji,GRANDE,7702781030674,GRANDE,180000,COP Price
1461CSD04_purple_sm,1461CSD04,Size,1461CSD04_purple_sm,active,Maaji,PEQUEÑO,7702781030605,PEQUEÑO,180000,COP Price
1461CSD04_purple_md,1461CSD04,Size,1461CSD04_purple_md,active,Maaji,MEDIO,7702781030612,MEDIO,180000,COP Price
1461CSD04_purple_lg,1461CSD04,Size,1461CSD04_purple_lg,active,Maaji,GRANDE,7702781030629,GRANDE,180000,COP Price
1468CPA03_red_sm,1468CPA03,Size,1468CPA03_red_sm,active,Maaji,PEQUEÑO,7702781031374,PEQUEÑO,180000,COP Price
1468CPA03_red_md,1468CPA03,Size,1468CPA03_red_md,active,Maaji,MEDIO,7702781031381,MEDIO,180000,COP Price
1468CPA03_red_lg,1468CPA03,Size,1468CPA03_red_lg,active,Maaji,GRANDE,7702781031398,GRANDE,180000,COP Price
1469CKS04_purple_sm,1469CKS04,Size,1469CKS04_purple_sm,active,Maaji,PEQUEÑO,7702781032562,PEQUEÑO,130000,COP Price
1469CKS04_purple_md,1469CKS04,Size,1469CKS04_purple_md,active,Maaji,MEDIO,7702781032579,MEDIO,130000,COP Price
1469CKS04_purple_lg,1469CKS04,Size,1469CKS04_purple_lg,active,Maaji,GRANDE,7702781032586,GRANDE,130000,COP Price
1471CSD02_white_sm,1471CSD02,Size,1471CSD02_white_sm,active,Maaji,PEQUEÑO,7702781027315,PEQUEÑO,180000,COP Price
1471CSD02_white_md,1471CSD02,Size,1471CSD02_white_md,active,Maaji,MEDIO,7702781027322,MEDIO,180000,COP Price
1471CSD02_white_lg,1471CSD02,Size,1471CSD02_white_lg,active,Maaji,GRANDE,7702781027339,GRANDE,180000,COP Price
1477CSD03_purple_sm,1477CSD03,Size,1477CSD03_purple_sm,active,Maaji,PEQUEÑO,7702781028114,PEQUEÑO,180000,COP Price
1477CSD03_purple_md,1477CSD03,Size,1477CSD03_purple_md,active,Maaji,MEDIO,7702781028121,MEDIO,180000,COP Price
1477CSD03_purple_lg,1477CSD03,Size,1477CSD03_purple_lg,active,Maaji,GRANDE,7702781028138,GRANDE,180000,COP Price
1502CSD01_red_sm,1502CSD01,Size,1502CSD01_red_sm,active,Maaji,PEQUEÑO,7702781037796,PEQUEÑO,180000,COP Price
1502CSD01_red_md,1502CSD01,Size,1502CSD01_red_md,active,Maaji,MEDIO,7702781037802,MEDIO,180000,COP Price
1502CSD01_red_lg,1502CSD01,Size,1502CSD01_red_lg,active,Maaji,GRANDE,7702781037819,GRANDE,180000,COP Price
1503CSD01_red_sm,1503CSD01,Size,1503CSD01_red_sm,active,Maaji,PEQUEÑO,7702781027162,PEQUEÑO,180000,COP Price
1503CSD01_red_md,1503CSD01,Size,1503CSD01_red_md,active,Maaji,MEDIO,7702781027179,MEDIO,180000,COP Price
1503CSD01_red_lg,1503CSD01,Size,1503CSD01_red_lg,active,Maaji,GRANDE,7702781027186,GRANDE,180000,COP Price
1504CLD01_red_sm,1504CLD01,Size,1504CLD01_red_sm,active,Maaji,PEQUEÑO,7702781027216,PEQUEÑO,220000,COP Price
1504CLD01_red_md,1504CLD01,Size,1504CLD01_red_md,active,Maaji,MEDIO,7702781027223,MEDIO,220000,COP Price
1504CLD01_red_lg,1504CLD01,Size,1504CLD01_red_lg,active,Maaji,GRANDE,7702781027230,GRANDE,220000,COP Price
1506CSD01_green_sm,1506CSD01,Size,1506CSD01_green_sm,active,Maaji,PEQUEÑO,7702781030551,PEQUEÑO,180000,COP Price
1506CSD01_green_md,1506CSD01,Size,1506CSD01_green_md,active,Maaji,MEDIO,7702781030568,MEDIO,180000,COP Price
1506CSD01_green_lg,1506CSD01,Size,1506CSD01_green_lg,active,Maaji,GRANDE,7702781030575,GRANDE,180000,COP Price
1507CKS01_green_sm,1507CKS01,Size,1507CKS01_green_sm,active,Maaji,PEQUEÑO,7702781030926,PEQUEÑO,130000,COP Price
1507CKS01_green_md,1507CKS01,Size,1507CKS01_green_md,active,Maaji,MEDIO,7702781030933,MEDIO,130000,COP Price
1507CKS01_green_lg,1507CKS01,Size,1507CKS01_green_lg,active,Maaji,GRANDE,7702781030940,GRANDE,130000,COP Price
1508CCT01_green_sm,1508CCT01,Size,1508CCT01_green_sm,active,Maaji,PEQUEÑO,7702781035440,PEQUEÑO,155000,COP Price
1508CCT01_green_md,1508CCT01,Size,1508CCT01_green_md,active,Maaji,MEDIO,7702781035457,MEDIO,155000,COP Price
1508CCT01_green_lg,1508CCT01,Size,1508CCT01_green_lg,active,Maaji,GRANDE,7702781035464,GRANDE,155000,COP Price
1509CKL01_white_sm,1509CKL01,Size,1509CKL01_white_sm,active,Maaji,PEQUEÑO,7702781033217,PEQUEÑO,180000,COP Price
1509CKL01_white_md,1509CKL01,Size,1509CKL01_white_md,active,Maaji,MEDIO,7702781033224,MEDIO,180000,COP Price
1509CKL01_white_lg,1509CKL01,Size,1509CKL01_white_lg,active,Maaji,GRANDE,7702781033231,GRANDE,180000,COP Price
1511CRO01_blue_sm,1511CRO01,Size,1511CRO01_blue_sm,active,Maaji,PEQUEÑO,7702781028169,PEQUEÑO,160000,COP Price
1511CRO01_blue_md,1511CRO01,Size,1511CRO01_blue_md,active,Maaji,MEDIO,7702781028176,MEDIO,160000,COP Price
1511CRO01_blue_lg,1511CRO01,Size,1511CRO01_blue_lg,active,Maaji,GRANDE,7702781028183,GRANDE,160000,COP Price
1513CLS01_blue_sm,1513CLS01,Size,1513CLS01_blue_sm,active,Maaji,PEQUEÑO,7702781032081,PEQUEÑO,170000,COP Price
1513CLS01_blue_md,1513CLS01,Size,1513CLS01_blue_md,active,Maaji,MEDIO,7702781032098,MEDIO,170000,COP Price
1513CLS01_blue_lg,1513CLS01,Size,1513CLS01_blue_lg,active,Maaji,GRANDE,7702781032104,GRANDE,170000,COP Price
1514CSD01_blue_sm,1514CSD01,Size,1514CSD01_blue_sm,active,Maaji,PEQUEÑO,7702781032661,PEQUEÑO,180000,COP Price
1514CSD01_blue_md,1514CSD01,Size,1514CSD01_blue_md,active,Maaji,MEDIO,7702781032678,MEDIO,180000,COP Price
1514CSD01_blue_lg,1514CSD01,Size,1514CSD01_blue_lg,active,Maaji,GRANDE,7702781032685,GRANDE,180000,COP Price
1516CCT01_blue_sm,1516CCT01,Size,1516CCT01_blue_sm,active,Maaji,PEQUEÑO,7702781032517,PEQUEÑO,155000,COP Price
1516CCT01_blue_md,1516CCT01,Size,1516CCT01_blue_md,active,Maaji,MEDIO,7702781032524,MEDIO,155000,COP Price
1516CCT01_blue_lg,1516CCT01,Size,1516CCT01_blue_lg,active,Maaji,GRANDE,7702781032531,GRANDE,155000,COP Price
1518CSD01_wine_sm,1518CSD01,Size,1518CSD01_wine_sm,active,Maaji,PEQUEÑO,7702781032289,PEQUEÑO,180000,COP Price
1518CSD01_wine_md,1518CSD01,Size,1518CSD01_wine_md,active,Maaji,MEDIO,7702781032296,MEDIO,180000,COP Price
1518CSD01_wine_lg,1518CSD01,Size,1518CSD01_wine_lg,active,Maaji,GRANDE,7702781032302,GRANDE,180000,COP Price
1519CCT01_purple_sm,1519CCT01,Size,1519CCT01_purple_sm,active,Maaji,PEQUEÑO,7702781033163,PEQUEÑO,155000,COP Price
1519CCT01_purple_md,1519CCT01,Size,1519CCT01_purple_md,active,Maaji,MEDIO,7702781033170,MEDIO,155000,COP Price
1519CCT01_purple_lg,1519CCT01,Size,1519CCT01_purple_lg,active,Maaji,GRANDE,7702781033187,GRANDE,155000,COP Price
2173SFA01_blue_sm,2173SFA01,Size,2173SFA01_blue_sm,active,Maaji,PEQUEÑO,7702781037444,PEQUEÑO,135000,COP Price
2173SFA01_blue_md,2173SFA01,Size,2173SFA01_blue_md,active,Maaji,MEDIO,7702781037451,MEDIO,135000,COP Price
2173SFA01_blue_lg,2173SFA01,Size,2173SFA01_blue_lg,active,Maaji,GRANDE,7702781037468,GRANDE,135000,COP Price
2174SLT01_blue_sm,2174SLT01,Size,2174SLT01_blue_sm,active,Maaji,PEQUEÑO,7702781038922,PEQUEÑO,125000,COP Price
2174SLT01_blue_md,2174SLT01,Size,2174SLT01_blue_md,active,Maaji,MEDIO,7702781038939,MEDIO,125000,COP Price
2174SLT01_blue_lg,2174SLT01,Size,2174SLT01_blue_lg,active,Maaji,GRANDE,7702781038946,GRANDE,125000,COP Price
2174SLT01_blue_xl,2174SLT01,Size,2174SLT01_blue_xl,active,Maaji,EXTRA GRANDE,7702781038953,EXTRA GRANDE,125000,COP Price
2175SFA01_white_sm,2175SFA01,Size,2175SFA01_white_sm,active,Maaji,PEQUEÑO,7702781036393,PEQUEÑO,135000,COP Price
2175SFA01_white_md,2175SFA01,Size,2175SFA01_white_md,active,Maaji,MEDIO,7702781036409,MEDIO,135000,COP Price
2175SFA01_white_lg,2175SFA01,Size,2175SFA01_white_lg,active,Maaji,GRANDE,7702781036416,GRANDE,135000,COP Price
2175SFA01_white_xl,2175SFA01,Size,2175SFA01_white_xl,active,Maaji,EXTRA GRANDE,7702781036423,EXTRA GRANDE,135000,COP Price
2176SRA01_black_sm,2176SRA01,Size,2176SRA01_black_sm,active,Maaji,PEQUEÑO,7702781035341,PEQUEÑO,180000,COP Price
2176SRA01_black_md,2176SRA01,Size,2176SRA01_black_md,active,Maaji,MEDIO,7702781035358,MEDIO,180000,COP Price
2176SRA01_black_lg,2176SRA01,Size,2176SRA01_black_lg,active,Maaji,GRANDE,7702781035365,GRANDE,180000,COP Price
2176SRA01_black_xl,2176SRA01,Size,2176SRA01_black_xl,active,Maaji,EXTRA GRANDE,7702781035372,EXTRA GRANDE,180000,COP Price
2177SFA01_blue_sm,2177SFA01,Size,2177SFA01_blue_sm,active,Maaji,PEQUEÑO,7702781037345,PEQUEÑO,135000,COP Price
2177SFA01_blue_md,2177SFA01,Size,2177SFA01_blue_md,active,Maaji,MEDIO,7702781037352,MEDIO,135000,COP Price
2177SFA01_blue_lg,2177SFA01,Size,2177SFA01_blue_lg,active,Maaji,GRANDE,7702781037369,GRANDE,135000,COP Price
2177SFA01_blue_xl,2177SFA01,Size,2177SFA01_blue_xl,active,Maaji,EXTRA GRANDE,7702781037376,EXTRA GRANDE,135000,COP Price
2178SUN01_blue_sm,2178SUN01,Size,2178SUN01_blue_sm,active,Maaji,PEQUEÑO,7702781040727,PEQUEÑO,100000,COP Price
2178SUN01_blue_md,2178SUN01,Size,2178SUN01_blue_md,active,Maaji,MEDIO,7702781040734,MEDIO,100000,COP Price
2178SUN01_blue_lg,2178SUN01,Size,2178SUN01_blue_lg,active,Maaji,GRANDE,7702781040741,GRANDE,100000,COP Price
2178SUN01_blue_xl,2178SUN01,Size,2178SUN01_blue_xl,active,Maaji,EXTRA GRANDE,7702781040758,EXTRA GRANDE,100000,COP Price
2179SSE01_blue_sm,2179SSE01,Size,2179SSE01_blue_sm,active,Maaji,PEQUEÑO,7702781037598,PEQUEÑO,115000,COP Price
2179SSE01_blue_md,2179SSE01,Size,2179SSE01_blue_md,active,Maaji,MEDIO,7702781037604,MEDIO,115000,COP Price
2179SSE01_blue_lg,2179SSE01,Size,2179SSE01_blue_lg,active,Maaji,GRANDE,7702781037611,GRANDE,115000,COP Price
2179SSE01_blue_xl,2179SSE01,Size,2179SSE01_blue_xl,active,Maaji,EXTRA GRANDE,7702781037628,EXTRA GRANDE,115000,COP Price
2180SFT01_blue_sm,2180SFT01,Size,2180SFT01_blue_sm,active,Maaji,PEQUEÑO,7702781040123,PEQUEÑO,115000,COP Price
2180SFT01_blue_md,2180SFT01,Size,2180SFT01_blue_md,active,Maaji,MEDIO,7702781040130,MEDIO,115000,COP Price
2180SFT01_blue_lg,2180SFT01,Size,2180SFT01_blue_lg,active,Maaji,GRANDE,7702781040147,GRANDE,115000,COP Price
2180SFT01_blue_xl,2180SFT01,Size,2180SFT01_blue_xl,active,Maaji,EXTRA GRANDE,7702781040154,EXTRA GRANDE,115000,COP Price
2181SBA01_blue_sm,2181SBA01,Size,2181SBA01_blue_sm,active,Maaji,PEQUEÑO,7702781044596,PEQUEÑO,125000,COP Price
2181SBA01_blue_md,2181SBA01,Size,2181SBA01_blue_md,active,Maaji,MEDIO,7702781044602,MEDIO,125000,COP Price
2181SBA01_blue_lg,2181SBA01,Size,2181SBA01_blue_lg,active,Maaji,GRANDE,7702781044619,GRANDE,125000,COP Price
2181SBA01_blue_xl,2181SBA01,Size,2181SBA01_blue_xl,active,Maaji,EXTRA GRANDE,7702781044626,EXTRA GRANDE,125000,COP Price
2183SCT01_orange_sm,2183SCT01,Size,2183SCT01_orange_sm,active,Maaji,PEQUEÑO,7702781044640,PEQUEÑO,135000,COP Price
2183SCT01_orange_md,2183SCT01,Size,2183SCT01_orange_md,active,Maaji,MEDIO,7702781044657,MEDIO,135000,COP Price
2183SCT01_orange_lg,2183SCT01,Size,2183SCT01_orange_lg,active,Maaji,GRANDE,7702781044664,GRANDE,135000,COP Price
2183SCT01_orange_xl,2183SCT01,Size,2183SCT01_orange_xl,active,Maaji,EXTRA GRANDE,7702781044671,EXTRA GRANDE,135000,COP Price
2184SBA01_orange_sm,2184SBA01,Size,2184SBA01_orange_sm,active,Maaji,PEQUEÑO,7702781036447,PEQUEÑO,125000,COP Price
2184SBA01_orange_md,2184SBA01,Size,2184SBA01_orange_md,active,Maaji,MEDIO,7702781036454,MEDIO,125000,COP Price
2184SBA01_orange_lg,2184SBA01,Size,2184SBA01_orange_lg,active,Maaji,GRANDE,7702781036461,GRANDE,125000,COP Price
2184SBA01_orange_xl,2184SBA01,Size,2184SBA01_orange_xl,active,Maaji,EXTRA GRANDE,7702781036478,EXTRA GRANDE,125000,COP Price
2186SSP01_orange_sm,2186SSP01,Size,2186SSP01_orange_sm,active,Maaji,PEQUEÑO,7702781038298,PEQUEÑO,125000,COP Price
2186SSP01_orange_md,2186SSP01,Size,2186SSP01_orange_md,active,Maaji,MEDIO,7702781038304,MEDIO,125000,COP Price
2186SSP01_orange_lg,2186SSP01,Size,2186SSP01_orange_lg,active,Maaji,GRANDE,7702781038311,GRANDE,125000,COP Price
2187SSF01_orange_sm,2187SSF01,Size,2187SSF01_orange_sm,active,Maaji,PEQUEÑO,7702781035846,PEQUEÑO,125000,COP Price
2187SSF01_orange_md,2187SSF01,Size,2187SSF01_orange_md,active,Maaji,MEDIO,7702781035853,MEDIO,125000,COP Price
2187SSF01_orange_lg,2187SSF01,Size,2187SSF01_orange_lg,active,Maaji,GRANDE,7702781035860,GRANDE,125000,COP Price
2187SSF01_orange_xl,2187SSF01,Size,2187SSF01_orange_xl,active,Maaji,EXTRA GRANDE,7702781035877,EXTRA GRANDE,125000,COP Price
3008SCC02_brown_sm,3008SCC02,Size,3008SCC02_brown_sm,active,Maaji,PEQUEÑO,7702781035297,PEQUEÑO,95000,COP Price
3008SCC02_brown_md,3008SCC02,Size,3008SCC02_brown_md,active,Maaji,MEDIO,7702781035303,MEDIO,95000,COP Price
3008SCC02_brown_lg,3008SCC02,Size,3008SCC02_brown_lg,active,Maaji,GRANDE,7702781035310,GRANDE,95000,COP Price
3008SCC02_brown_xl,3008SCC02,Size,3008SCC02_brown_xl,active,Maaji,EXTRA GRANDE,7702781035327,EXTRA GRANDE,95000,COP Price
3011SHN01_pink_sm,3011SHN01,Size,3011SHN01_pink_sm,active,Maaji,PEQUEÑO,7702781039271,PEQUEÑO,125000,COP Price
3011SHN01_pink_md,3011SHN01,Size,3011SHN01_pink_md,active,Maaji,MEDIO,7702781039288,MEDIO,125000,COP Price
3011SHN01_pink_lg,3011SHN01,Size,3011SHN01_pink_lg,active,Maaji,GRANDE,7702781039295,GRANDE,125000,COP Price
3011SHN01_pink_xl,3011SHN01,Size,3011SHN01_pink_xl,active,Maaji,EXTRA GRANDE,7702781039301,EXTRA GRANDE,125000,COP Price
3012SFH05_blue_sm,3012SFH05,Size,3012SFH05_blue_sm,active,Maaji,PEQUEÑO,7702781039929,PEQUEÑO,135000,COP Price
3012SFH05_blue_md,3012SFH05,Size,3012SFH05_blue_md,active,Maaji,MEDIO,7702781039936,MEDIO,135000,COP Price
3012SFH05_blue_lg,3012SFH05,Size,3012SFH05_blue_lg,active,Maaji,GRANDE,7702781039943,GRANDE,135000,COP Price
3042SFH02_red_sm,3042SFH02,Size,3042SFH02_red_sm,active,Maaji,PEQUEÑO,7702781031275,PEQUEÑO,135000,COP Price
3042SFH02_red_md,3042SFH02,Size,3042SFH02_red_md,active,Maaji,MEDIO,7702781031282,MEDIO,135000,COP Price
3042SFH02_red_lg,3042SFH02,Size,3042SFH02_red_lg,active,Maaji,GRANDE,7702781031299,GRANDE,135000,COP Price
3042SFH02_red_xl,3042SFH02,Size,3042SFH02_red_xl,active,Maaji,EXTRA GRANDE,7702781031305,EXTRA GRANDE,135000,COP Price
3042SFH03_purple_sm,3042SFH03,Size,3042SFH03_purple_sm,active,Maaji,PEQUEÑO,7702781031787,PEQUEÑO,135000,COP Price
3042SFH03_purple_md,3042SFH03,Size,3042SFH03_purple_md,active,Maaji,MEDIO,7702781031794,MEDIO,135000,COP Price
3042SFH03_purple_lg,3042SFH03,Size,3042SFH03_purple_lg,active,Maaji,GRANDE,7702781031800,GRANDE,135000,COP Price
3042SFH03_purple_xl,3042SFH03,Size,3042SFH03_purple_xl,active,Maaji,EXTRA GRANDE,7702781031817,EXTRA GRANDE,135000,COP Price
3045SFT04_pink_sm,3045SFT04,Size,3045SFT04_pink_sm,active,Maaji,PEQUEÑO,7702781031930,PEQUEÑO,115000,COP Price
3045SFT04_pink_md,3045SFT04,Size,3045SFT04_pink_md,active,Maaji,MEDIO,7702781031947,MEDIO,115000,COP Price
3045SFT04_pink_lg,3045SFT04,Size,3045SFT04_pink_lg,active,Maaji,GRANDE,7702781031954,GRANDE,115000,COP Price
3045SFT04_pink_xl,3045SFT04,Size,3045SFT04_pink_xl,active,Maaji,EXTRA GRANDE,7702781031961,EXTRA GRANDE,115000,COP Price
3048SUN04_blue_sm,3048SUN04,Size,3048SUN04_blue_sm,active,Maaji,PEQUEÑO,7702781040024,PEQUEÑO,100000,COP Price
3048SUN04_blue_md,3048SUN04,Size,3048SUN04_blue_md,active,Maaji,MEDIO,7702781040031,MEDIO,100000,COP Price
3048SUN04_blue_lg,3048SUN04,Size,3048SUN04_blue_lg,active,Maaji,GRANDE,7702781040048,GRANDE,100000,COP Price
3048SUN04_blue_xl,3048SUN04,Size,3048SUN04_blue_xl,active,Maaji,EXTRA GRANDE,7702781040055,EXTRA GRANDE,100000,COP Price
3053SFA05_blue_sm,3053SFA05,Size,3053SFA05_blue_sm,active,Maaji,PEQUEÑO,7702781040420,PEQUEÑO,135000,COP Price
3053SFA05_blue_md,3053SFA05,Size,3053SFA05_blue_md,active,Maaji,MEDIO,7702781040437,MEDIO,135000,COP Price
3053SFA05_blue_lg,3053SFA05,Size,3053SFA05_blue_lg,active,Maaji,GRANDE,7702781040444,GRANDE,135000,COP Price
3053SFA05_blue_xl,3053SFA05,Size,3053SFA05_blue_xl,active,Maaji,EXTRA GRANDE,7702781040451,EXTRA GRANDE,135000,COP Price
3054SFA03_blue_sm,3054SFA03,Size,3054SFA03_blue_sm,active,Maaji,PEQUEÑO,7702781037642,PEQUEÑO,135000,COP Price
3054SFA03_blue_md,3054SFA03,Size,3054SFA03_blue_md,active,Maaji,MEDIO,7702781037659,MEDIO,135000,COP Price
3054SFA03_blue_lg,3054SFA03,Size,3054SFA03_blue_lg,active,Maaji,GRANDE,7702781037666,GRANDE,135000,COP Price
3054SFA03_blue_xl,3054SFA03,Size,3054SFA03_blue_xl,active,Maaji,EXTRA GRANDE,7702781037673,EXTRA GRANDE,135000,COP Price
3063SBR01_white_sm,3063SBR01,Size,3063SBR01_white_sm,active,Maaji,PEQUEÑO,7702781036744,PEQUEÑO,115000,COP Price
3063SBR01_white_md,3063SBR01,Size,3063SBR01_white_md,active,Maaji,MEDIO,7702781036751,MEDIO,115000,COP Price
3063SBR01_white_lg,3063SBR01,Size,3063SBR01_white_lg,active,Maaji,GRANDE,7702781036768,GRANDE,115000,COP Price
3063SBR01_white_xl,3063SBR01,Size,3063SBR01_white_xl,active,Maaji,EXTRA GRANDE,7702781036775,EXTRA GRANDE,115000,COP Price
3063SBR02_orange_sm,3063SBR02,Size,3063SBR02_orange_sm,active,Maaji,PEQUEÑO,7702781036591,PEQUEÑO,115000,COP Price
3063SBR02_orange_md,3063SBR02,Size,3063SBR02_orange_md,active,Maaji,MEDIO,7702781036607,MEDIO,115000,COP Price
3063SBR02_orange_lg,3063SBR02,Size,3063SBR02_orange_lg,active,Maaji,GRANDE,7702781036614,GRANDE,115000,COP Price
3066SUN01_black_sm,3066SUN01,Size,3066SUN01_black_sm,active,Maaji,PEQUEÑO,7702781038670,PEQUEÑO,100000,COP Price
3066SUN01_black_md,3066SUN01,Size,3066SUN01_black_md,active,Maaji,MEDIO,7702781038687,MEDIO,100000,COP Price
3066SUN01_black_lg,3066SUN01,Size,3066SUN01_black_lg,active,Maaji,GRANDE,7702781038694,GRANDE,100000,COP Price
3066SUN01_black_xl,3066SUN01,Size,3066SUN01_black_xl,active,Maaji,EXTRA GRANDE,7702781038700,EXTRA GRANDE,100000,COP Price
3068SSP01_black_sm,3068SSP01,Size,3068SSP01_black_sm,active,Maaji,PEQUEÑO,7702781031220,PEQUEÑO,125000,COP Price
3068SSP01_black_md,3068SSP01,Size,3068SSP01_black_md,active,Maaji,MEDIO,7702781031237,MEDIO,125000,COP Price
3068SSP01_black_lg,3068SSP01,Size,3068SSP01_black_lg,active,Maaji,GRANDE,7702781031244,GRANDE,125000,COP Price
3068SSP01_black_xl,3068SSP01,Size,3068SSP01_black_xl,active,Maaji,EXTRA GRANDE,7702781031251,EXTRA GRANDE,125000,COP Price
3068SSP02_orange_sm,3068SSP02,Size,3068SSP02_orange_sm,active,Maaji,PEQUEÑO,7702781031633,PEQUEÑO,125000,COP Price
3068SSP02_orange_md,3068SSP02,Size,3068SSP02_orange_md,active,Maaji,MEDIO,7702781031640,MEDIO,125000,COP Price
3068SSP02_orange_lg,3068SSP02,Size,3068SSP02_orange_lg,active,Maaji,GRANDE,7702781031657,GRANDE,125000,COP Price
3068SSP02_orange_xl,3068SSP02,Size,3068SSP02_orange_xl,active,Maaji,EXTRA GRANDE,7702781031664,EXTRA GRANDE,125000,COP Price
3069SSE01_orange_sm,3069SSE01,Size,3069SSE01_orange_sm,active,Maaji,PEQUEÑO,7702781031633,PEQUEÑO,115000,COP Price
3069SSE01_orange_md,3069SSE01,Size,3069SSE01_orange_md,active,Maaji,MEDIO,7702781031640,MEDIO,115000,COP Price
3069SSE01_orange_lg,3069SSE01,Size,3069SSE01_orange_lg,active,Maaji,GRANDE,7702781031657,GRANDE,115000,COP Price
3069SSE01_orange_xl,3069SSE01,Size,3069SSE01_orange_xl,active,Maaji,EXTRA GRANDE,7702781031664,EXTRA GRANDE,115000,COP Price
3070SBR01_purple_sm,3070SBR01,Size,3070SBR01_purple_sm,active,Maaji,PEQUEÑO,7702781032913,PEQUEÑO,115000,COP Price
3070SBR01_purple_md,3070SBR01,Size,3070SBR01_purple_md,active,Maaji,MEDIO,7702781032920,MEDIO,115000,COP Price
3070SBR01_purple_lg,3070SBR01,Size,3070SBR01_purple_lg,active,Maaji,GRANDE,7702781032937,GRANDE,115000,COP Price
3070SBR01_purple_xl,3070SBR01,Size,3070SBR01_purple_xl,active,Maaji,EXTRA GRANDE,7702781032944,EXTRA GRANDE,115000,COP Price
1520SFH03_brown_sm,1520SFH03,Size,1520SFH03_brown_sm,active,Maaji,PEQUEÑO,7702781031329,PEQUEÑO,135000,COP Price
1520SFH03_brown_md,1520SFH03,Size,1520SFH03_brown_md,active,Maaji,MEDIO,7702781031336,MEDIO,135000,COP Price
1520SFH03_brown_lg,1520SFH03,Size,1520SFH03_brown_lg,active,Maaji,GRANDE,7702781031343,GRANDE,135000,COP Price
1520SFH03_brown_xl,1520SFH03,Size,1520SFH03_brown_xl,active,Maaji,EXTRA GRANDE,7702781031350,EXTRA GRANDE,135000,COP Price
1932SFT04_black_sm,1932SFT04,Size,1932SFT04_black_sm,active,Maaji,PEQUEÑO,7702781033972,PEQUEÑO,115000,COP Price
1932SFT04_black_md,1932SFT04,Size,1932SFT04_black_md,active,Maaji,MEDIO,7702781033989,MEDIO,115000,COP Price
1932SFT04_black_lg,1932SFT04,Size,1932SFT04_black_lg,active,Maaji,GRANDE,7702781033996,GRANDE,115000,COP Price
1932SFT04_black_xl,1932SFT04,Size,1932SFT04_black_xl,active,Maaji,EXTRA GRANDE,7702781034009,EXTRA GRANDE,115000,COP Price
1932SFT05_orange_sm,1932SFT05,Size,1932SFT05_orange_sm,active,Maaji,PEQUEÑO,7702781033774,PEQUEÑO,115000,COP Price
1932SFT05_orange_md,1932SFT05,Size,1932SFT05_orange_md,active,Maaji,MEDIO,7702781033781,MEDIO,115000,COP Price
1932SFT05_orange_lg,1932SFT05,Size,1932SFT05_orange_lg,active,Maaji,GRANDE,7702781033798,GRANDE,115000,COP Price
1932SFT05_orange_xl,1932SFT05,Size,1932SFT05_orange_xl,active,Maaji,EXTRA GRANDE,7702781033804,EXTRA GRANDE,115000,COP Price
2021SFA04_orange_sm,2021SFA04,Size,2021SFA04_orange_sm,active,Maaji,PEQUEÑO,7702781036348,PEQUEÑO,135000,COP Price
2021SFA04_orange_md,2021SFA04,Size,2021SFA04_orange_md,active,Maaji,MEDIO,7702781036355,MEDIO,135000,COP Price
2021SFA04_orange_lg,2021SFA04,Size,2021SFA04_orange_lg,active,Maaji,GRANDE,7702781036362,GRANDE,135000,COP Price
2033SUN04_black_sm,2033SUN04,Size,2033SUN04_black_sm,active,Maaji,PEQUEÑO,7702781040673,PEQUEÑO,100000,COP Price
2033SUN04_black_md,2033SUN04,Size,2033SUN04_black_md,active,Maaji,MEDIO,7702781040680,MEDIO,100000,COP Price
2033SUN04_black_lg,2033SUN04,Size,2033SUN04_black_lg,active,Maaji,GRANDE,7702781040697,GRANDE,100000,COP Price
2047SHN03_red_sm,2047SHN03,Size,2047SHN03_red_sm,active,Maaji,PEQUEÑO,7702781033064,PEQUEÑO,125000,COP Price
2047SHN03_red_md,2047SHN03,Size,2047SHN03_red_md,active,Maaji,MEDIO,7702781033071,MEDIO,125000,COP Price
2047SHN03_red_lg,2047SHN03,Size,2047SHN03_red_lg,active,Maaji,GRANDE,7702781033088,GRANDE,125000,COP Price
2047SHN03_red_xl,2047SHN03,Size,2047SHN03_red_xl,active,Maaji,EXTRA GRANDE,7702781033095,EXTRA GRANDE,125000,COP Price
2050SSE01_black_sm,2050SSE01,Size,2050SSE01_black_sm,active,Maaji,PEQUEÑO,7702781034023,PEQUEÑO,115000,COP Price
2050SSE01_black_md,2050SSE01,Size,2050SSE01_black_md,active,Maaji,MEDIO,7702781034030,MEDIO,115000,COP Price
2050SSE01_black_lg,2050SSE01,Size,2050SSE01_black_lg,active,Maaji,GRANDE,7702781034047,GRANDE,115000,COP Price
2050SSE01_black_xl,2050SSE01,Size,2050SSE01_black_xl,active,Maaji,EXTRA GRANDE,7702781034054,EXTRA GRANDE,115000,COP Price
2112SFA02_blue_sm,2112SFA02,Size,2112SFA02_blue_sm,active,Maaji,PEQUEÑO,7702781037543,PEQUEÑO,135000,COP Price
2112SFA02_blue_md,2112SFA02,Size,2112SFA02_blue_md,active,Maaji,MEDIO,7702781037550,MEDIO,135000,COP Price
2112SFA02_blue_lg,2112SFA02,Size,2112SFA02_blue_lg,active,Maaji,GRANDE,7702781037567,GRANDE,135000,COP Price
2112SFA02_blue_xl,2112SFA02,Size,2112SFA02_blue_xl,active,Maaji,EXTRA GRANDE,7702781037574,EXTRA GRANDE,135000,COP Price
2131SUN02_red_sm,2131SUN02,Size,2131SUN02_red_sm,active,Maaji,PEQUEÑO,7702781039479,PEQUEÑO,100000,COP Price
2131SUN02_red_md,2131SUN02,Size,2131SUN02_red_md,active,Maaji,MEDIO,7702781039486,MEDIO,100000,COP Price
2131SUN02_red_lg,2131SUN02,Size,2131SUN02_red_lg,active,Maaji,GRANDE,7702781039493,GRANDE,100000,COP Price
2131SUN02_red_xl,2131SUN02,Size,2131SUN02_red_xl,active,Maaji,EXTRA GRANDE,7702781039509,EXTRA GRANDE,100000,COP Price
2131SUN03_orange_sm,2131SUN03,Size,2131SUN03_orange_sm,active,Maaji,PEQUEÑO,7702781039424,PEQUEÑO,100000,COP Price
2131SUN03_orange_md,2131SUN03,Size,2131SUN03_orange_md,active,Maaji,MEDIO,7702781039431,MEDIO,100000,COP Price
2131SUN03_orange_lg,2131SUN03,Size,2131SUN03_orange_lg,active,Maaji,GRANDE,7702781039448,GRANDE,100000,COP Price
2131SUN03_orange_xl,2131SUN03,Size,2131SUN03_orange_xl,active,Maaji,EXTRA GRANDE,7702781039455,EXTRA GRANDE,100000,COP Price
2135SSF03_red_sm,2135SSF03,Size,2135SSF03_red_sm,active,Maaji,PEQUEÑO,7702781035495,PEQUEÑO,125000,COP Price
2135SSF03_red_md,2135SSF03,Size,2135SSF03_red_md,active,Maaji,MEDIO,7702781035501,MEDIO,125000,COP Price
2135SSF03_red_lg,2135SSF03,Size,2135SSF03_red_lg,active,Maaji,GRANDE,7702781035518,GRANDE,125000,COP Price
2135SSF03_red_xl,2135SSF03,Size,2135SSF03_red_xl,active,Maaji,EXTRA GRANDE,7702781035525,EXTRA GRANDE,125000,COP Price
2153SUN02_pink_sm,2153SUN02,Size,2153SUN02_pink_sm,active,Maaji,PEQUEÑO,7702781038144,PEQUEÑO,100000,COP Price
2153SUN02_pink_md,2153SUN02,Size,2153SUN02_pink_md,active,Maaji,MEDIO,7702781038151,MEDIO,100000,COP Price
2153SUN02_pink_lg,2153SUN02,Size,2153SUN02_pink_lg,active,Maaji,GRANDE,7702781038168,GRANDE,100000,COP Price
2153SUN02_pink_xl,2153SUN02,Size,2153SUN02_pink_xl,active,Maaji,EXTRA GRANDE,7702781038175,EXTRA GRANDE,100000,COP Price
2161SFA02_blue_sm,2161SFA02,Size,2161SFA02_blue_sm,active,Maaji,PEQUEÑO,7702781033392,PEQUEÑO,135000,COP Price
2161SFA02_blue_md,2161SFA02,Size,2161SFA02_blue_md,active,Maaji,MEDIO,7702781033408,MEDIO,135000,COP Price
2161SFA02_blue_lg,2161SFA02,Size,2161SFA02_blue_lg,active,Maaji,GRANDE,7702781033415,GRANDE,135000,COP Price
2161SFA02_blue_xl,2161SFA02,Size,2161SFA02_blue_xl,active,Maaji,EXTRA GRANDE,7702781033422,EXTRA GRANDE,135000,COP Price
2162SFA02_blue_sm,2162SFA02,Size,2162SFA02_blue_sm,active,Maaji,PEQUEÑO,7702781037390,PEQUEÑO,135000,COP Price
2162SFA02_blue_md,2162SFA02,Size,2162SFA02_blue_md,active,Maaji,MEDIO,7702781037406,MEDIO,135000,COP Price
2162SFA02_blue_lg,2162SFA02,Size,2162SFA02_blue_lg,active,Maaji,GRANDE,7702781037413,GRANDE,135000,COP Price
2162SFA02_blue_xl,2162SFA02,Size,2162SFA02_blue_xl,active,Maaji,EXTRA GRANDE,7702781037420,EXTRA GRANDE,135000,COP Price
2164SRA02_blue_sm,2164SRA02,Size,2164SRA02_blue_sm,active,Maaji,PEQUEÑO,7702781040321,PEQUEÑO,180000,COP Price
2164SRA02_blue_md,2164SRA02,Size,2164SRA02_blue_md,active,Maaji,MEDIO,7702781040338,MEDIO,180000,COP Price
2164SRA02_blue_lg,2164SRA02,Size,2164SRA02_blue_lg,active,Maaji,GRANDE,7702781040345,GRANDE,180000,COP Price
2164SRA02_blue_xl,2164SRA02,Size,2164SRA02_blue_xl,active,Maaji,EXTRA GRANDE,7702781040352,EXTRA GRANDE,180000,COP Price
2167SFT01_red_sm,2167SFT01,Size,2167SFT01_red_sm,active,Maaji,PEQUEÑO,7702781032968,PEQUEÑO,115000,COP Price
2167SFT01_red_md,2167SFT01,Size,2167SFT01_red_md,active,Maaji,MEDIO,7702781032975,MEDIO,115000,COP Price
2167SFT01_red_lg,2167SFT01,Size,2167SFT01_red_lg,active,Maaji,GRANDE,7702781032982,GRANDE,115000,COP Price
2167SFT01_red_xl,2167SFT01,Size,2167SFT01_red_xl,active,Maaji,EXTRA GRANDE,7702781032999,EXTRA GRANDE,115000,COP Price
2169SBA01_red_sm,2169SBA01,Size,2169SBA01_red_sm,active,Maaji,PEQUEÑO,7702781035792,PEQUEÑO,125000,COP Price
2169SBA01_red_md,2169SBA01,Size,2169SBA01_red_md,active,Maaji,MEDIO,7702781035808,MEDIO,125000,COP Price
2169SBA01_red_lg,2169SBA01,Size,2169SBA01_red_lg,active,Maaji,GRANDE,7702781035815,GRANDE,125000,COP Price
2169SBA01_red_xl,2169SBA01,Size,2169SBA01_red_xl,active,Maaji,EXTRA GRANDE,7702781035822,EXTRA GRANDE,125000,COP Price
2170SSE01_red_sm,2170SSE01,Size,2170SSE01_red_sm,active,Maaji,PEQUEÑO,7702781033118,PEQUEÑO,115000,COP Price
2170SSE01_red_md,2170SSE01,Size,2170SSE01_red_md,active,Maaji,MEDIO,7702781033125,MEDIO,115000,COP Price
2170SSE01_red_lg,2170SSE01,Size,2170SSE01_red_lg,active,Maaji,GRANDE,7702781033132,GRANDE,115000,COP Price
2170SSE01_red_xl,2170SSE01,Size,2170SSE01_red_xl,active,Maaji,EXTRA GRANDE,7702781033149,EXTRA GRANDE,115000,COP Price
2171SFH01_brown_sm,2171SFH01,Size,2171SFH01_brown_sm,active,Maaji,PEQUEÑO,7702781036492,PEQUEÑO,135000,COP Price
2171SFH01_brown_md,2171SFH01,Size,2171SFH01_brown_md,active,Maaji,MEDIO,7702781036508,MEDIO,135000,COP Price
2171SFH01_brown_lg,2171SFH01,Size,2171SFH01_brown_lg,active,Maaji,GRANDE,7702781036515,GRANDE,135000,COP Price
2171SFH01_brown_xl,2171SFH01,Size,2171SFH01_brown_xl,active,Maaji,EXTRA GRANDE,7702781036522,EXTRA GRANDE,135000,COP Price
3047SFH03_red_sm,3047SFH03,Size,3047SFH03_red_sm,active,Maaji,PEQUEÑO,7702781036690,PEQUEÑO,135000,COP Price
3047SFH03_red_md,3047SFH03,Size,3047SFH03_red_md,active,Maaji,MEDIO,7702781036706,MEDIO,135000,COP Price
3047SFH03_red_lg,3047SFH03,Size,3047SFH03_red_lg,active,Maaji,GRANDE,7702781036713,GRANDE,135000,COP Price
3047SFH03_red_xl,3047SFH03,Size,3047SFH03_red_xl,active,Maaji,EXTRA GRANDE,7702781036720,EXTRA GRANDE,135000,COP Price
3059SFT02_red_sm,3059SFT02,Size,3059SFT02_red_sm,active,Maaji,PEQUEÑO,7702781032135,PEQUEÑO,115000,COP Price
3059SFT02_red_md,3059SFT02,Size,3059SFT02_red_md,active,Maaji,MEDIO,7702781032142,MEDIO,115000,COP Price
3059SFT02_red_lg,3059SFT02,Size,3059SFT02_red_lg,active,Maaji,GRANDE,7702781032159,GRANDE,115000,COP Price
3059SFT02_red_xl,3059SFT02,Size,3059SFT02_red_xl,active,Maaji,EXTRA GRANDE,7702781032166,EXTRA GRANDE,115000,COP Price
3060SFA03_brown_sm,3060SFA03,Size,3060SFA03_brown_sm,active,Maaji,PEQUEÑO,7702781036249,PEQUEÑO,135000,COP Price
3060SFA03_brown_md,3060SFA03,Size,3060SFA03_brown_md,active,Maaji,MEDIO,7702781036256,MEDIO,135000,COP Price
3060SFA03_brown_lg,3060SFA03,Size,3060SFA03_brown_lg,active,Maaji,GRANDE,7702781036263,GRANDE,135000,COP Price
3060SFA03_brown_xl,3060SFA03,Size,3060SFA03_brown_xl,active,Maaji,EXTRA GRANDE,7702781036270,EXTRA GRANDE,135000,COP Price
3061SSP01_brown_sm,3061SSP01,Size,3061SSP01_brown_sm,active,Maaji,PEQUEÑO,7702781036294,PEQUEÑO,125000,COP Price
3061SSP01_brown_md,3061SSP01,Size,3061SSP01_brown_md,active,Maaji,MEDIO,7702781036300,MEDIO,125000,COP Price
3061SSP01_brown_lg,3061SSP01,Size,3061SSP01_brown_lg,active,Maaji,GRANDE,7702781036317,GRANDE,125000,COP Price
3061SSP01_brown_xl,3061SSP01,Size,3061SSP01_brown_xl,active,Maaji,EXTRA GRANDE,7702781036324,EXTRA GRANDE,125000,COP Price
3062SBA01_red_sm,3062SBA01,Size,3062SBA01_red_sm,active,Maaji,PEQUEÑO,7702781039127,PEQUEÑO,125000,COP Price
3062SBA01_red_md,3062SBA01,Size,3062SBA01_red_md,active,Maaji,MEDIO,7702781039134,MEDIO,125000,COP Price
3062SBA01_red_lg,3062SBA01,Size,3062SBA01_red_lg,active,Maaji,GRANDE,7702781039141,GRANDE,125000,COP Price
3062SBA01_red_xl,3062SBA01,Size,3062SBA01_red_xl,active,Maaji,EXTRA GRANDE,7702781039158,EXTRA GRANDE,125000,COP Price
1483CCT02_red_sm,1483CCT02,Size,1483CCT02_red_sm,active,Maaji,PEQUEÑO,7702781029890,PEQUEÑO,120000,COP Price
1483CCT02_red_md,1483CCT02,Size,1483CCT02_red_md,active,Maaji,MEDIO,7702781029906,MEDIO,120000,COP Price
1483CCT02_red_lg,1483CCT02,Size,1483CCT02_red_lg,active,Maaji,GRANDE,7702781029913,GRANDE,120000,COP Price
1483CCT02_red_xl,1483CCT02,Size,1483CCT02_red_xl,active,Maaji,EXTRA GRANDE,7702781029920,EXTRA GRANDE,120000,COP Price
9086KST02_green_2_3k,9086KST02,Size,9086KST02_green_2_3k,active,Maaji,2_3KIDS,7702781037680,2_3KIDS,90000,COP Price
9086KST02_green_4_6k,9086KST02,Size,9086KST02_green_4_6k,active,Maaji,4_6KIDS,7702781037697,4_6KIDS,90000,COP Price
9086KST02_green_8_10k,9086KST02,Size,9086KST02_green_8_10k,active,Maaji,8_10KIDS,7702781037703,8_10KIDS,90000,COP Price
9086KST02_green_12_14k,9086KST02,Size,9086KST02_green_12_14k,active,Maaji,12_14KIDS,7702781037710,12_14KIDS,90000,COP Price
9086KST02_green_16_18k,9086KST02,Size,9086KST02_green_16_18k,active,Maaji,16_18KIDS,7702781037727,16_18KIDS,90000,COP Price
9086KST03_blue_2_3k,9086KST03,Size,9086KST03_blue_2_3k,active,Maaji,2_3KIDS,7702781037734,2_3KIDS,90000,COP Price
9086KST03_blue_4_6k,9086KST03,Size,9086KST03_blue_4_6k,active,Maaji,4_6KIDS,7702781037741,4_6KIDS,90000,COP Price
9086KST03_blue_8_10k,9086KST03,Size,9086KST03_blue_8_10k,active,Maaji,8_10KIDS,7702781037758,8_10KIDS,90000,COP Price
9086KST03_blue_12_14k,9086KST03,Size,9086KST03_blue_12_14k,active,Maaji,12_14KIDS,7702781037765,12_14KIDS,90000,COP Price
9086KST03_blue_16_18k,9086KST03,Size,9086KST03_blue_16_18k,active,Maaji,16_18KIDS,7702781037772,16_18KIDS,90000,COP Price
9088KST02_red_2_3k,9088KST02,Size,9088KST02_red_2_3k,active,Maaji,2_3KIDS,7702781038083,2_3KIDS,100000,COP Price
9088KST02_red_4_6k,9088KST02,Size,9088KST02_red_4_6k,active,Maaji,4_6KIDS,7702781038090,4_6KIDS,100000,COP Price
9088KST02_red_8_10k,9088KST02,Size,9088KST02_red_8_10k,active,Maaji,8_10KIDS,7702781038106,8_10KIDS,100000,COP Price
9088KST02_red_12_14k,9088KST02,Size,9088KST02_red_12_14k,active,Maaji,12_14KIDS,7702781038113,12_14KIDS,100000,COP Price
9088KST02_red_16_18K,9088KST02,Size,9088KST02_red_16_18K,active,Maaji,16_18KIDS,7702781038120,16_18KIDS,100000,COP Price
9088KST03_blue_2_3k,9088KST03,Size,9088KST03_blue_2_3k,active,Maaji,2_3KIDS,7702781038182,2_3KIDS,100000,COP Price
9088KST03_blue_4_6k,9088KST03,Size,9088KST03_blue_4_6k,active,Maaji,4_6KIDS,7702781038199,4_6KIDS,100000,COP Price
9088KST03_blue_8_10k,9088KST03,Size,9088KST03_blue_8_10k,active,Maaji,8_10KIDS,7702781038205,8_10KIDS,100000,COP Price
9088KST03_blue_12_14k,9088KST03,Size,9088KST03_blue_12_14k,active,Maaji,12_14KIDS,7702781038212,12_14KIDS,100000,COP Price
9088KST03_blue_16_18k,9088KST03,Size,9088KST03_blue_16_18k,active,Maaji,16_18KIDS,7702781038229,16_18KIDS,100000,COP Price
3083KKB03_red_2k,3083KKB03,Size,3083KKB03_red_2k,active,Maaji,2KIDS,7702781040925,2KIDS,115000,COP Price
3083KKB03_red_4k,3083KKB03,Size,3083KKB03_red_4k,active,Maaji,4KIDS,7702781040932,4KIDS,115000,COP Price
3083KKB03_red_6k,3083KKB03,Size,3083KKB03_red_6k,active,Maaji,6KIDS,7702781040949,6KIDS,115000,COP Price
3083KKB03_red_8k,3083KKB03,Size,3083KKB03_red_8k,active,Maaji,8KIDS,7702781040956,8KIDS,115000,COP Price
3083KKB03_red_10k,3083KKB03,Size,3083KKB03_red_10k,active,Maaji,10KIDS,7702781040963,10KIDS,115000,COP Price
3083KKB03_red_12k,3083KKB03,Size,3083KKB03_red_12k,active,Maaji,12KIDS,7702781040970,12KIDS,115000,COP Price
3083KKB03_red_14k,3083KKB03,Size,3083KKB03_red_14k,active,Maaji,14KIDS,7702781040987,14KIDS,115000,COP Price
3083KKB03_red_16k,3083KKB03,Size,3083KKB03_red_16k,active,Maaji,16KIDS,7702781040994,16KIDS,115000,COP Price
3090KKB02_red_2k,3090KKB02,Size,3090KKB02_red_2k,active,Maaji,2KIDS,7702781041007,2KIDS,125000,COP Price
3090KKB02_red_4k,3090KKB02,Size,3090KKB02_red_4k,active,Maaji,4KIDS,7702781041014,4KIDS,125000,COP Price
3090KKB02_red_6k,3090KKB02,Size,3090KKB02_red_6k,active,Maaji,6KIDS,7702781041021,6KIDS,125000,COP Price
3090KKB02_red_8k,3090KKB02,Size,3090KKB02_red_8k,active,Maaji,8KIDS,7702781041038,8KIDS,125000,COP Price
3090KKB02_red_10k,3090KKB02,Size,3090KKB02_red_10k,active,Maaji,10KIDS,7702781041045,10KIDS,125000,COP Price
3090KKB02_red_12k,3090KKB02,Size,3090KKB02_red_12k,active,Maaji,12KIDS,7702781041052,12KIDS,125000,COP Price
3090KKB02_red_14k,3090KKB02,Size,3090KKB02_red_14k,active,Maaji,14KIDS,7702781041069,14KIDS,125000,COP Price
3090KKB02_red_16k,3090KKB02,Size,3090KKB02_red_16k,active,Maaji,16KIDS,7702781041076,16KIDS,125000,COP Price
3080KKB03_blue_2k,3080KKB03,Size,3080KKB03_blue_2k,active,Maaji,2KIDS,7702781042509,2KIDS,125000,COP Price
3080KKB03_blue_4k,3080KKB03,Size,3080KKB03_blue_4k,active,Maaji,4KIDS,7702781042516,4KIDS,125000,COP Price
3080KKB03_blue_6k,3080KKB03,Size,3080KKB03_blue_6k,active,Maaji,6KIDS,7702781042523,6KIDS,125000,COP Price
3080KKB03_blue_8k,3080KKB03,Size,3080KKB03_blue_8k,active,Maaji,8KIDS,7702781042530,8KIDS,125000,COP Price
3080KKB03_blue_10k,3080KKB03,Size,3080KKB03_blue_10k,active,Maaji,10KIDS,7702781042547,10KIDS,125000,COP Price
3080KKB03_blue_12k,3080KKB03,Size,3080KKB03_blue_12k,active,Maaji,12KIDS,7702781042554,12KIDS,125000,COP Price
3080KKB03_blue_14k,3080KKB03,Size,3080KKB03_blue_14k,active,Maaji,14KIDS,7702781042561,14KIDS,125000,COP Price
3080KKB03_blue_16k,3080KKB03,Size,3080KKB03_blue_16k,active,Maaji,16KIDS,7702781042578,16KIDS,125000,COP Price
3094KKO01_red_2k,3094KKO01,Size,3094KKO01_red_2k,active,Maaji,2KIDS,7702781040765,2KIDS,140000,COP Price
3094KKO01_red_4k,3094KKO01,Size,3094KKO01_red_4k,active,Maaji,4KIDS,7702781040772,4KIDS,140000,COP Price
3094KKO01_red_6k,3094KKO01,Size,3094KKO01_red_6k,active,Maaji,6KIDS,7702781040789,6KIDS,140000,COP Price
3094KKO01_red_8k,3094KKO01,Size,3094KKO01_red_8k,active,Maaji,8KIDS,7702781040796,8KIDS,140000,COP Price
3094KKO01_red_10k,3094KKO01,Size,3094KKO01_red_10k,active,Maaji,10KIDS,7702781040802,10KIDS,140000,COP Price
3094KKO01_red_12k,3094KKO01,Size,3094KKO01_red_12k,active,Maaji,12KIDS,7702781040819,12KIDS,140000,COP Price
3094KKO01_red_14k,3094KKO01,Size,3094KKO01_red_14k,active,Maaji,14KIDS,7702781040826,14KIDS,140000,COP Price
3094KKO01_red_16k,3094KKO01,Size,3094KKO01_red_16k,active,Maaji,16KIDS,7702781040833,16KIDS,140000,COP Price
3102KKB01_red_2k,3102KKB01,Size,3102KKB01_red_2k,active,Maaji,2KIDS,7702781040840,2KIDS,140000,COP Price
3102KKB01_red_4k,3102KKB01,Size,3102KKB01_red_4k,active,Maaji,4KIDS,7702781040857,4KIDS,140000,COP Price
3102KKB01_red_6k,3102KKB01,Size,3102KKB01_red_6k,active,Maaji,6KIDS,7702781040864,6KIDS,140000,COP Price
3102KKB01_red_8k,3102KKB01,Size,3102KKB01_red_8k,active,Maaji,8KIDS,7702781040871,8KIDS,140000,COP Price
3102KKB01_red_10k,3102KKB01,Size,3102KKB01_red_10k,active,Maaji,10KIDS,7702781040888,10KIDS,140000,COP Price
3102KKB01_red_12k,3102KKB01,Size,3102KKB01_red_12k,active,Maaji,12KIDS,7702781040895,12KIDS,140000,COP Price
3102KKB01_red_14k,3102KKB01,Size,3102KKB01_red_14k,active,Maaji,14KIDS,7702781040901,14KIDS,140000,COP Price
3102KKB01_red_16k,3102KKB01,Size,3102KKB01_red_16k,active,Maaji,16KIDS,7702781040918,16KIDS,140000,COP Price
3095KKS01_red_2k,3095KKS01,Size,3095KKS01_red_2k,active,Maaji,2KIDS,7702781043322,2KIDS,95000,COP Price
3095KKS01_red_4k,3095KKS01,Size,3095KKS01_red_4k,active,Maaji,4KIDS,7702781043339,4KIDS,95000,COP Price
3095KKS01_red_6k,3095KKS01,Size,3095KKS01_red_6k,active,Maaji,6KIDS,7702781043346,6KIDS,95000,COP Price
3095KKS01_red_8k,3095KKS01,Size,3095KKS01_red_8k,active,Maaji,8KIDS,7702781043353,8KIDS,95000,COP Price
3095KKS01_red_10k,3095KKS01,Size,3095KKS01_red_10k,active,Maaji,10KIDS,7702781043360,10KIDS,95000,COP Price
3095KKS01_red_12k,3095KKS01,Size,3095KKS01_red_12k,active,Maaji,12KIDS,7702781043377,12KIDS,95000,COP Price
3095KKS01_red_14k,3095KKS01,Size,3095KKS01_red_14k,active,Maaji,14KIDS,7702781043384,14KIDS,95000,COP Price
3095KKS01_red_16k,3095KKS01,Size,3095KKS01_red_16k,active,Maaji,16KIDS,7702781043391,16KIDS,95000,COP Price
1689KKC02_pink_2k,1689KKC02,Size,1689KKC02_pink_2k,active,Maaji,2KIDS,7702781033583,2KIDS,110000,COP Price
1689KKC02_pink_4k,1689KKC02,Size,1689KKC02_pink_4k,active,Maaji,4KIDS,7702781033590,4KIDS,110000,COP Price
1689KKC02_pink_6k,1689KKC02,Size,1689KKC02_pink_6k,active,Maaji,6KIDS,7702781033606,6KIDS,110000,COP Price
1689KKC02_pink_8k,1689KKC02,Size,1689KKC02_pink_8k,active,Maaji,8KIDS,7702781033613,8KIDS,110000,COP Price
1689KKC02_pink_10k,1689KKC02,Size,1689KKC02_pink_10k,active,Maaji,10KIDS,7702781033620,10KIDS,110000,COP Price
1689KKC02_pink_12k,1689KKC02,Size,1689KKC02_pink_12k,active,Maaji,12KIDS,7702781033637,12KIDS,110000,COP Price
1689KKC02_pink_14k,1689KKC02,Size,1689KKC02_pink_14k,active,Maaji,14KIDS,7702781033644,14KIDS,110000,COP Price
1689KKC02_pink_16k,1689KKC02,Size,1689KKC02_pink_16k,active,Maaji,16KIDS,7702781033651,16KIDS,110000,COP Price
1692KKC02_pink_2k,1692KKC02,Size,1692KKC02_pink_2k,active,Maaji,2KIDS,7702781034443,2KIDS,110000,COP Price
1692KKC02_pink_4k,1692KKC02,Size,1692KKC02_pink_4k,active,Maaji,4KIDS,7702781034450,4KIDS,110000,COP Price
1692KKC02_pink_6k,1692KKC02,Size,1692KKC02_pink_6k,active,Maaji,6KIDS,7702781034467,6KIDS,110000,COP Price
1692KKC02_pink_8k,1692KKC02,Size,1692KKC02_pink_8k,active,Maaji,8KIDS,7702781034474,8KIDS,110000,COP Price
1692KKC02_pink_10k,1692KKC02,Size,1692KKC02_pink_10k,active,Maaji,10KIDS,7702781034481,10KIDS,110000,COP Price
1692KKC02_pink_12k,1692KKC02,Size,1692KKC02_pink_12k,active,Maaji,12KIDS,7702781034498,12KIDS,110000,COP Price
1692KKC02_pink_14k,1692KKC02,Size,1692KKC02_pink_14k,active,Maaji,14KIDS,7702781034504,14KIDS,110000,COP Price
1692KKC02_pink_16k,1692KKC02,Size,1692KKC02_pink_16k,active,Maaji,16KIDS,7702781034511,16KIDS,110000,COP Price
3101KKB01_black_2k,3101KKB01,Size,3101KKB01_black_2k,active,Maaji,2KIDS,7702781041526,2KIDS,125000,COP Price
3101KKB01_black_4k,3101KKB01,Size,3101KKB01_black_4k,active,Maaji,4KIDS,7702781041533,4KIDS,125000,COP Price
3101KKB01_black_6k,3101KKB01,Size,3101KKB01_black_6k,active,Maaji,6KIDS,7702781041540,6KIDS,125000,COP Price
3101KKB01_black_8k,3101KKB01,Size,3101KKB01_black_8k,active,Maaji,8KIDS,7702781041557,8KIDS,125000,COP Price
3101KKB01_black_10k,3101KKB01,Size,3101KKB01_black_10k,active,Maaji,10KIDS,7702781041564,10KIDS,125000,COP Price
3101KKB01_black_12k,3101KKB01,Size,3101KKB01_black_12k,active,Maaji,12KIDS,7702781041571,12KIDS,125000,COP Price
3101KKB01_black_14k,3101KKB01,Size,3101KKB01_black_14k,active,Maaji,14KIDS,7702781041588,14KIDS,125000,COP Price
3101KKB01_black_16k,3101KKB01,Size,3101KKB01_black_16k,active,Maaji,16KIDS,7702781041595,16KIDS,125000,COP Price
3096KKB01_black_2k,3096KKB01,Size,3096KKB01_black_2k,active,Maaji,2KIDS,7702781041700,2KIDS,125000,COP Price
3096KKB01_black_4k,3096KKB01,Size,3096KKB01_black_4k,active,Maaji,4KIDS,7702781041717,4KIDS,125000,COP Price
3096KKB01_black_6k,3096KKB01,Size,3096KKB01_black_6k,active,Maaji,6KIDS,7702781041724,6KIDS,125000,COP Price
3096KKB01_black_8k,3096KKB01,Size,3096KKB01_black_8k,active,Maaji,8KIDS,7702781041731,8KIDS,125000,COP Price
3096KKB01_black_10k,3096KKB01,Size,3096KKB01_black_10k,active,Maaji,10KIDS,7702781041748,10KIDS,125000,COP Price
3096KKB01_black_12k,3096KKB01,Size,3096KKB01_black_12k,active,Maaji,12KIDS,7702781041755,12KIDS,125000,COP Price
3096KKB01_black_14k,3096KKB01,Size,3096KKB01_black_14k,active,Maaji,14KIDS,7702781041762,14KIDS,125000,COP Price
3096KKB01_black_16k,3096KKB01,Size,3096KKB01_black_16k,active,Maaji,16KIDS,7702781041779,16KIDS,125000,COP Price
3088KKB02_black_2k,3088KKB02,Size,3088KKB02_black_2k,active,Maaji,2KIDS,7702781041083,2KIDS,125000,COP Price
3088KKB02_black_4k,3088KKB02,Size,3088KKB02_black_4k,active,Maaji,4KIDS,7702781041090,4KIDS,125000,COP Price
3088KKB02_black_6k,3088KKB02,Size,3088KKB02_black_6k,active,Maaji,6KIDS,7702781041106,6KIDS,125000,COP Price
3088KKB02_black_8k,3088KKB02,Size,3088KKB02_black_8k,active,Maaji,8KIDS,7702781041113,8KIDS,125000,COP Price
3088KKB02_black_10k,3088KKB02,Size,3088KKB02_black_10k,active,Maaji,10KIDS,7702781041120,10KIDS,125000,COP Price
3088KKB02_black_12k,3088KKB02,Size,3088KKB02_black_12k,active,Maaji,12KIDS,7702781041137,12KIDS,125000,COP Price
3088KKB02_black_14k,3088KKB02,Size,3088KKB02_black_14k,active,Maaji,14KIDS,7702781041144,14KIDS,125000,COP Price
3088KKB02_black_16k,3088KKB02,Size,3088KKB02_black_16k,active,Maaji,16KIDS,7702781041151,16KIDS,125000,COP Price
3097KKR01_black_2k,3097KKR01,Size,3097KKR01_black_2k,active,Maaji,2KIDS,7702781041243,2KIDS,140000,COP Price
3097KKR01_black_4k,3097KKR01,Size,3097KKR01_black_4k,active,Maaji,4KIDS,7702781041250,4KIDS,140000,COP Price
3097KKR01_black_6k,3097KKR01,Size,3097KKR01_black_6k,active,Maaji,6KIDS,7702781041267,6KIDS,140000,COP Price
3097KKR01_black_8k,3097KKR01,Size,3097KKR01_black_8k,active,Maaji,8KIDS,7702781041274,8KIDS,140000,COP Price
3097KKR01_black_10k,3097KKR01,Size,3097KKR01_black_10k,active,Maaji,10KIDS,7702781041281,10KIDS,140000,COP Price
3097KKR01_black_12k,3097KKR01,Size,3097KKR01_black_12k,active,Maaji,12KIDS,7702781041298,12KIDS,140000,COP Price
3097KKR01_black_14k,3097KKR01,Size,3097KKR01_black_14k,active,Maaji,14KIDS,7702781041304,14KIDS,140000,COP Price
3097KKR01_black_16k,3097KKR01,Size,3097KKR01_black_16k,active,Maaji,16KIDS,7702781041311,16KIDS,140000,COP Price
3091KKO02_black_2k,3091KKO02,Size,3091KKO02_black_2k,active,Maaji,2KIDS,7702781041168,2KIDS,140000,COP Price
3091KKO02_black_4k,3091KKO02,Size,3091KKO02_black_4k,active,Maaji,4KIDS,7702781041175,4KIDS,140000,COP Price
3091KKO02_black_6k,3091KKO02,Size,3091KKO02_black_6k,active,Maaji,6KIDS,7702781041182,6KIDS,140000,COP Price
3091KKO02_black_8k,3091KKO02,Size,3091KKO02_black_8k,active,Maaji,8KIDS,7702781041199,8KIDS,140000,COP Price
3091KKO02_black_10k,3091KKO02,Size,3091KKO02_black_10k,active,Maaji,10KIDS,7702781041205,10KIDS,140000,COP Price
3091KKO02_black_12k,3091KKO02,Size,3091KKO02_black_12k,active,Maaji,12KIDS,7702781041212,12KIDS,140000,COP Price
3091KKO02_black_14k,3091KKO02,Size,3091KKO02_black_14k,active,Maaji,14KIDS,7702781041229,14KIDS,140000,COP Price
3091KKO02_black_16k,3091KKO02,Size,3091KKO02_black_16k,active,Maaji,16KIDS,7702781041236,16KIDS,140000,COP Price
1688KKC03_blue_2k,1688KKC03,Size,1688KKC03_blue_2k,active,Maaji,2KIDS,7702781034115,2KIDS,95000,COP Price
1688KKC03_blue_4k,1688KKC03,Size,1688KKC03_blue_4k,active,Maaji,4KIDS,7702781034122,4KIDS,95000,COP Price
1688KKC03_blue_6k,1688KKC03,Size,1688KKC03_blue_6k,active,Maaji,6KIDS,7702781034139,6KIDS,95000,COP Price
1688KKC03_blue_8k,1688KKC03,Size,1688KKC03_blue_8k,active,Maaji,8KIDS,7702781034146,8KIDS,95000,COP Price
1688KKC03_blue_10k,1688KKC03,Size,1688KKC03_blue_10k,active,Maaji,10KIDS,7702781034153,10KIDS,95000,COP Price
1688KKC03_blue_12k,1688KKC03,Size,1688KKC03_blue_12k,active,Maaji,12KIDS,7702781034160,12KIDS,95000,COP Price
1688KKC03_blue_14k,1688KKC03,Size,1688KKC03_blue_14k,active,Maaji,14KIDS,7702781034177,14KIDS,95000,COP Price
1688KKC03_blue_16k,1688KKC03,Size,1688KKC03_blue_16k,active,Maaji,16KIDS,7702781034184,16KIDS,95000,COP Price
1694KKC02_blue_2k,1694KKC02,Size,1694KKC02_blue_2k,active,Maaji,2KIDS,7702781038335,2KIDS,110000,COP Price
1694KKC02_blue_4k,1694KKC02,Size,1694KKC02_blue_4k,active,Maaji,4KIDS,7702781038342,4KIDS,110000,COP Price
1694KKC02_blue_6k,1694KKC02,Size,1694KKC02_blue_6k,active,Maaji,6KIDS,7702781038359,6KIDS,110000,COP Price
1694KKC02_blue_8k,1694KKC02,Size,1694KKC02_blue_8k,active,Maaji,8KIDS,7702781038366,8KIDS,110000,COP Price
1694KKC02_blue_10k,1694KKC02,Size,1694KKC02_blue_10k,active,Maaji,10KIDS,7702781038373,10KIDS,110000,COP Price
1694KKC02_blue_12k,1694KKC02,Size,1694KKC02_blue_12k,active,Maaji,12KIDS,7702781038380,12KIDS,110000,COP Price
1694KKC02_blue_14k,1694KKC02,Size,1694KKC02_blue_14k,active,Maaji,14KIDS,7702781038397,14KIDS,110000,COP Price
1694KKC02_blue_16k,1694KKC02,Size,1694KKC02_blue_16k,active,Maaji,16KIDS,7702781038403,16KIDS,110000,COP Price
3081KKB02_blue_2k,3081KKB02,Size,3081KKB02_blue_2k,active,Maaji,2KIDS,7702781042189,2KIDS,125000,COP Price
3081KKB02_blue_4k,3081KKB02,Size,3081KKB02_blue_4k,active,Maaji,4KIDS,7702781042196,4KIDS,125000,COP Price
3081KKB02_blue_6k,3081KKB02,Size,3081KKB02_blue_6k,active,Maaji,6KIDS,7702781042202,6KIDS,125000,COP Price
3081KKB02_blue_8k,3081KKB02,Size,3081KKB02_blue_8k,active,Maaji,8KIDS,7702781042219,8KIDS,125000,COP Price
3081KKB02_blue_10k,3081KKB02,Size,3081KKB02_blue_10k,active,Maaji,10KIDS,7702781042226,10KIDS,125000,COP Price
3081KKB02_blue_12k,3081KKB02,Size,3081KKB02_blue_12k,active,Maaji,12KIDS,7702781042233,12KIDS,125000,COP Price
3081KKB02_blue_14k,3081KKB02,Size,3081KKB02_blue_14k,active,Maaji,14KIDS,7702781042240,14KIDS,125000,COP Price
3081KKB02_blue_16k,3081KKB02,Size,3081KKB02_blue_16k,active,Maaji,16KIDS,7702781042257,16KIDS,125000,COP Price
3053KKB02_blue_2k,3053KKB02,Size,3053KKB02_blue_2k,active,Maaji,2KIDS,7702781042424,2KIDS,125000,COP Price
3053KKB02_blue_4k,3053KKB02,Size,3053KKB02_blue_4k,active,Maaji,4KIDS,7702781042431,4KIDS,125000,COP Price
3053KKB02_blue_6k,3053KKB02,Size,3053KKB02_blue_6k,active,Maaji,6KIDS,7702781042448,6KIDS,125000,COP Price
3053KKB02_blue_8k,3053KKB02,Size,3053KKB02_blue_8k,active,Maaji,8KIDS,7702781042455,8KIDS,125000,COP Price
3053KKB02_blue_10k,3053KKB02,Size,3053KKB02_blue_10k,active,Maaji,10KIDS,7702781042462,10KIDS,125000,COP Price
3053KKB02_blue_12k,3053KKB02,Size,3053KKB02_blue_12k,active,Maaji,12KIDS,7702781042479,12KIDS,125000,COP Price
3053KKB02_blue_14k,3053KKB02,Size,3053KKB02_blue_14k,active,Maaji,14KIDS,7702781042486,14KIDS,125000,COP Price
3053KKB02_blue_16k,3053KKB02,Size,3053KKB02_blue_16k,active,Maaji,16KIDS,7702781042493,16KIDS,125000,COP Price
3051KKB04_blue_2k,3051KKB04,Size,3051KKB04_blue_2k,active,Maaji,2KIDS,7702781042349,2KIDS,125000,COP Price
3051KKB04_blue_4k,3051KKB04,Size,3051KKB04_blue_4k,active,Maaji,4KIDS,7702781042356,4KIDS,125000,COP Price
3051KKB04_blue_6k,3051KKB04,Size,3051KKB04_blue_6k,active,Maaji,6KIDS,7702781042363,6KIDS,125000,COP Price
3051KKB04_blue_8k,3051KKB04,Size,3051KKB04_blue_8k,active,Maaji,8KIDS,7702781042370,8KIDS,125000,COP Price
3051KKB04_blue_10k,3051KKB04,Size,3051KKB04_blue_10k,active,Maaji,10KIDS,7702781042387,10KIDS,125000,COP Price
3051KKB04_blue_12k,3051KKB04,Size,3051KKB04_blue_12k,active,Maaji,12KIDS,7702781042394,12KIDS,125000,COP Price
3051KKB04_blue_14k,3051KKB04,Size,3051KKB04_blue_14k,active,Maaji,14KIDS,7702781042400,14KIDS,125000,COP Price
3051KKB04_blue_16k,3051KKB04,Size,3051KKB04_blue_16k,active,Maaji,16KIDS,7702781042417,16KIDS,125000,COP Price
3084KKO02_blue_2k,3084KKO02,Size,3084KKO02_blue_2k,active,Maaji,2KIDS,7702781043063,2KIDS,140000,COP Price
3084KKO02_blue_4k,3084KKO02,Size,3084KKO02_blue_4k,active,Maaji,4KIDS,7702781043070,4KIDS,140000,COP Price
3084KKO02_blue_6k,3084KKO02,Size,3084KKO02_blue_6k,active,Maaji,6KIDS,7702781043087,6KIDS,140000,COP Price
3084KKO02_blue_8k,3084KKO02,Size,3084KKO02_blue_8k,active,Maaji,8KIDS,7702781043094,8KIDS,140000,COP Price
3084KKO02_blue_10k,3084KKO02,Size,3084KKO02_blue_10k,active,Maaji,10KIDS,7702781043100,10KIDS,140000,COP Price
3084KKO02_blue_12k,3084KKO02,Size,3084KKO02_blue_12k,active,Maaji,12KIDS,7702781043117,12KIDS,140000,COP Price
3084KKO02_blue_14k,3084KKO02,Size,3084KKO02_blue_14k,active,Maaji,14KIDS,7702781043124,14KIDS,140000,COP Price
3084KKO02_blue_16k,3084KKO02,Size,3084KKO02_blue_16k,active,Maaji,16KIDS,7702781043131,16KIDS,140000,COP Price
3098KKR01_blue_2k,3098KKR01,Size,3098KKR01_blue_2k,active,Maaji,2KIDS,7702781042585,2KIDS,140000,COP Price
3098KKR01_blue_4k,3098KKR01,Size,3098KKR01_blue_4k,active,Maaji,4KIDS,7702781042592,4KIDS,140000,COP Price
3098KKR01_blue_6k,3098KKR01,Size,3098KKR01_blue_6k,active,Maaji,6KIDS,7702781042608,6KIDS,140000,COP Price
3098KKR01_blue_8k,3098KKR01,Size,3098KKR01_blue_8k,active,Maaji,8KIDS,7702781042615,8KIDS,140000,COP Price
3098KKR01_blue_10k,3098KKR01,Size,3098KKR01_blue_10k,active,Maaji,10KIDS,7702781042622,10KIDS,140000,COP Price
3098KKR01_blue_12k,3098KKR01,Size,3098KKR01_blue_12k,active,Maaji,12KIDS,7702781042639,12KIDS,140000,COP Price
3098KKR01_blue_14k,3098KKR01,Size,3098KKR01_blue_14k,active,Maaji,14KIDS,7702781042646,14KIDS,140000,COP Price
3098KKR01_blue_16k,3098KKR01,Size,3098KKR01_blue_16k,active,Maaji,16KIDS,7702781042653,16KIDS,140000,COP Price
1690KKC02_blue_2k,1690KKC02,Size,1690KKC02_blue_2k,active,Maaji,2KIDS,7702781034771,2KIDS,110000,COP Price
1690KKC02_blue_4k,1690KKC02,Size,1690KKC02_blue_4k,active,Maaji,4KIDS,7702781034788,4KIDS,110000,COP Price
1690KKC02_blue_6k,1690KKC02,Size,1690KKC02_blue_6k,active,Maaji,6KIDS,7702781034795,6KIDS,110000,COP Price
1690KKC02_blue_8k,1690KKC02,Size,1690KKC02_blue_8k,active,Maaji,8KIDS,7702781034801,8KIDS,110000,COP Price
1690KKC02_blue_10k,1690KKC02,Size,1690KKC02_blue_10k,active,Maaji,10KIDS,7702781034818,10KIDS,110000,COP Price
1690KKC02_blue_12k,1690KKC02,Size,1690KKC02_blue_12k,active,Maaji,12KIDS,7702781034825,12KIDS,110000,COP Price
1690KKC02_blue_14k,1690KKC02,Size,1690KKC02_blue_14k,active,Maaji,14KIDS,7702781034832,14KIDS,110000,COP Price
1690KKC02_blue_16k,1690KKC02,Size,1690KKC02_blue_16k,active,Maaji,16KIDS,7702781034849,16KIDS,110000,COP Price
1693KKC02_blue_2k,1693KKC02,Size,1693KKC02_blue_2k,active,Maaji,2KIDS,7702781032326,2KIDS,110000,COP Price
1693KKC02_blue_4k,1693KKC02,Size,1693KKC02_blue_4k,active,Maaji,4KIDS,7702781032333,4KIDS,110000,COP Price
1693KKC02_blue_6k,1693KKC02,Size,1693KKC02_blue_6k,active,Maaji,6KIDS,7702781032340,6KIDS,110000,COP Price
1693KKC02_blue_8k,1693KKC02,Size,1693KKC02_blue_8k,active,Maaji,8KIDS,7702781032357,8KIDS,110000,COP Price
1693KKC02_blue_10k,1693KKC02,Size,1693KKC02_blue_10k,active,Maaji,10KIDS,7702781032364,10KIDS,110000,COP Price
1693KKC02_blue_12k,1693KKC02,Size,1693KKC02_blue_12k,active,Maaji,12KIDS,7702781032371,12KIDS,110000,COP Price
1693KKC02_blue_14k,1693KKC02,Size,1693KKC02_blue_14k,active,Maaji,14KIDS,7702781032388,14KIDS,110000,COP Price
1693KKC02_blue_16k,1693KKC02,Size,1693KKC02_blue_16k,active,Maaji,16KIDS,7702781032395,16KIDS,110000,COP Price
3100KKB01_orange_2k,3100KKB01,Size,3100KKB01_orange_2k,active,Maaji,2KIDS,7702781042905,2KIDS,125000,COP Price
3100KKB01_orange_4k,3100KKB01,Size,3100KKB01_orange_4k,active,Maaji,4KIDS,7702781042912,4KIDS,125000,COP Price
3100KKB01_orange_6k,3100KKB01,Size,3100KKB01_orange_6k,active,Maaji,6KIDS,7702781042929,6KIDS,125000,COP Price
3100KKB01_orange_8k,3100KKB01,Size,3100KKB01_orange_8k,active,Maaji,8KIDS,7702781042936,8KIDS,125000,COP Price
3100KKB01_orange_10k,3100KKB01,Size,3100KKB01_orange_10k,active,Maaji,10KIDS,7702781042943,10KIDS,125000,COP Price
3100KKB01_orange_12k,3100KKB01,Size,3100KKB01_orange_12k,active,Maaji,12KIDS,7702781042950,12KIDS,125000,COP Price
3100KKB01_orange_14k,3100KKB01,Size,3100KKB01_orange_14k,active,Maaji,14KIDS,7702781042967,14KIDS,125000,COP Price
3100KKB01_orange_16k,3100KKB01,Size,3100KKB01_orange_16k,active,Maaji,16KIDS,7702781042974,16KIDS,125000,COP Price
3066KKB03_orange_2k,3066KKB03,Size,3066KKB03_orange_2k,active,Maaji,2KIDS,7702781042820,2KIDS,130000,COP Price
3066KKB03_orange_4k,3066KKB03,Size,3066KKB03_orange_4k,active,Maaji,4KIDS,7702781042837,4KIDS,130000,COP Price
3066KKB03_orange_6k,3066KKB03,Size,3066KKB03_orange_6k,active,Maaji,6KIDS,7702781042844,6KIDS,130000,COP Price
3066KKB03_orange_8k,3066KKB03,Size,3066KKB03_orange_8k,active,Maaji,8KIDS,7702781042851,8KIDS,130000,COP Price
3066KKB03_orange_10k,3066KKB03,Size,3066KKB03_orange_10k,active,Maaji,10KIDS,7702781042868,10KIDS,130000,COP Price
3066KKB03_orange_12k,3066KKB03,Size,3066KKB03_orange_12k,active,Maaji,12KIDS,7702781042875,12KIDS,130000,COP Price
3066KKB03_orange_14k,3066KKB03,Size,3066KKB03_orange_14k,active,Maaji,14KIDS,7702781042882,14KIDS,130000,COP Price
3066KKB03_orange_16k,3066KKB03,Size,3066KKB03_orange_16k,active,Maaji,16KIDS,7702781042899,16KIDS,130000,COP Price
3101KKB02_orange_2k,3101KKB02,Size,3101KKB02_orange_2k,active,Maaji,2KIDS,7702781042745,2KIDS,125000,COP Price
3101KKB02_orange_4k,3101KKB02,Size,3101KKB02_orange_4k,active,Maaji,4KIDS,7702781042752,4KIDS,125000,COP Price
3101KKB02_orange_6k,3101KKB02,Size,3101KKB02_orange_6k,active,Maaji,6KIDS,7702781042769,6KIDS,125000,COP Price
3101KKB02_orange_8k,3101KKB02,Size,3101KKB02_orange_8k,active,Maaji,8KIDS,7702781042776,8KIDS,125000,COP Price
3101KKB02_orange_10k,3101KKB02,Size,3101KKB02_orange_10k,active,Maaji,10KIDS,7702781042783,10KIDS,125000,COP Price
3101KKB02_orange_12k,3101KKB02,Size,3101KKB02_orange_12k,active,Maaji,12KIDS,7702781042790,12KIDS,125000,COP Price
3101KKB02_orange_14k,3101KKB02,Size,3101KKB02_orange_14k,active,Maaji,14KIDS,7702781042806,14KIDS,125000,COP Price
3101KKB02_orange_16k,3101KKB02,Size,3101KKB02_orange_16k,active,Maaji,16KIDS,7702781042813,16KIDS,125000,COP Price
3099KKO01_orange_2k,3099KKO01,Size,3099KKO01_orange_2k,active,Maaji,2KIDS,7702781042660,2KIDS,140000,COP Price
3099KKO01_orange_4k,3099KKO01,Size,3099KKO01_orange_4k,active,Maaji,4KIDS,7702781042677,4KIDS,140000,COP Price
3099KKO01_orange_6k,3099KKO01,Size,3099KKO01_orange_6k,active,Maaji,6KIDS,7702781042684,6KIDS,140000,COP Price
3099KKO01_orange_8k,3099KKO01,Size,3099KKO01_orange_8k,active,Maaji,8KIDS,7702781042691,8KIDS,140000,COP Price
3099KKO01_orange_10k,3099KKO01,Size,3099KKO01_orange_10k,active,Maaji,10KIDS,7702781042707,10KIDS,140000,COP Price
3099KKO01_orange_12k,3099KKO01,Size,3099KKO01_orange_12k,active,Maaji,12KIDS,7702781042714,12KIDS,140000,COP Price
3099KKO01_orange_14k,3099KKO01,Size,3099KKO01_orange_14k,active,Maaji,14KIDS,7702781042721,14KIDS,140000,COP Price
3099KKO01_orange_16k,3099KKO01,Size,3099KKO01_orange_16k,active,Maaji,16KIDS,7702781042738,16KIDS,140000,COP Price
3085KKO02_orange_2k,3085KKO02,Size,3085KKO02_orange_2k,active,Maaji,2KIDS,7702781042981,2KIDS,140000,COP Price
3085KKO02_orange_4k,3085KKO02,Size,3085KKO02_orange_4k,active,Maaji,4KIDS,7702781042998,4KIDS,140000,COP Price
3085KKO02_orange_6k,3085KKO02,Size,3085KKO02_orange_6k,active,Maaji,6KIDS,7702781043001,6KIDS,140000,COP Price
3085KKO02_orange_8k,3085KKO02,Size,3085KKO02_orange_8k,active,Maaji,8KIDS,7702781043018,8KIDS,140000,COP Price
3085KKO02_orange_10k,3085KKO02,Size,3085KKO02_orange_10k,active,Maaji,10KIDS,7702781043025,10KIDS,140000,COP Price
3085KKO02_orange_12k,3085KKO02,Size,3085KKO02_orange_12k,active,Maaji,12KIDS,7702781043032,12KIDS,140000,COP Price
3085KKO02_orange_14k,3085KKO02,Size,3085KKO02_orange_14k,active,Maaji,14KIDS,7702781043049,14KIDS,140000,COP Price
3085KKO02_orange_16k,3085KKO02,Size,3085KKO02_orange_16k,active,Maaji,16KIDS,7702781043056,16KIDS,140000,COP Price
3103KKS01_orange_2k,3103KKS01,Size,3103KKS01_orange_2k,active,Maaji,2KIDS,7702781043247,2KIDS,95000,COP Price
3103KKS01_orange_4k,3103KKS01,Size,3103KKS01_orange_4k,active,Maaji,4KIDS,7702781043254,4KIDS,95000,COP Price
3103KKS01_orange_6k,3103KKS01,Size,3103KKS01_orange_6k,active,Maaji,6KIDS,7702781043261,6KIDS,95000,COP Price
3103KKS01_orange_8k,3103KKS01,Size,3103KKS01_orange_8k,active,Maaji,8KIDS,7702781043278,8KIDS,95000,COP Price
3103KKS01_orange_10k,3103KKS01,Size,3103KKS01_orange_10k,active,Maaji,10KIDS,7702781043285,10KIDS,95000,COP Price
3103KKS01_orange_12k,3103KKS01,Size,3103KKS01_orange_12k,active,Maaji,12KIDS,7702781043292,12KIDS,95000,COP Price
3103KKS01_orange_14k,3103KKS01,Size,3103KKS01_orange_14k,active,Maaji,14KIDS,7702781043308,14KIDS,95000,COP Price
3103KKS01_orange_16k,3103KKS01,Size,3103KKS01_orange_16k,active,Maaji,16KIDS,7702781043315,16KIDS,95000,COP Price
1691KKC02_purple_2k,1691KKC02,Size,1691KKC02_purple_2k,active,Maaji,2KIDS,7702781033255,2KIDS,95000,COP Price
1691KKC02_purple_4k,1691KKC02,Size,1691KKC02_purple_4k,active,Maaji,4KIDS,7702781033262,4KIDS,95000,COP Price
1691KKC02_purple_6k,1691KKC02,Size,1691KKC02_purple_6k,active,Maaji,6KIDS,7702781033279,6KIDS,95000,COP Price
1691KKC02_purple_8k,1691KKC02,Size,1691KKC02_purple_8k,active,Maaji,8KIDS,7702781033286,8KIDS,95000,COP Price
1691KKC02_purple_10k,1691KKC02,Size,1691KKC02_purple_10k,active,Maaji,10KIDS,7702781033293,10KIDS,95000,COP Price
1691KKC02_purple_12k,1691KKC02,Size,1691KKC02_purple_12k,active,Maaji,12KIDS,7702781033309,12KIDS,95000,COP Price
1691KKC02_purple_14k,1691KKC02,Size,1691KKC02_purple_14k,active,Maaji,14KIDS,7702781033316,14KIDS,95000,COP Price
1691KKC02_purple_16k,1691KKC02,Size,1691KKC02_purple_16k,active,Maaji,16KIDS,7702781033323,16KIDS,95000,COP Price
1695KKC01_purple_2k,1695KKC01,Size,1695KKC01_purple_2k,active,Maaji,2KIDS,7702781035051,2KIDS,110000,COP Price
1695KKC01_purple_4k,1695KKC01,Size,1695KKC01_purple_4k,active,Maaji,4KIDS,7702781035068,4KIDS,110000,COP Price
1695KKC01_purple_6k,1695KKC01,Size,1695KKC01_purple_6k,active,Maaji,6KIDS,7702781035075,6KIDS,110000,COP Price
1695KKC01_purple_8k,1695KKC01,Size,1695KKC01_purple_8k,active,Maaji,8KIDS,7702781035082,8KIDS,110000,COP Price
1695KKC01_purple_10k,1695KKC01,Size,1695KKC01_purple_10k,active,Maaji,10KIDS,7702781035099,10KIDS,110000,COP Price
1695KKC01_purple_12k,1695KKC01,Size,1695KKC01_purple_12k,active,Maaji,12KIDS,7702781035105,12KIDS,110000,COP Price
1695KKC01_purple_14k,1695KKC01,Size,1695KKC01_purple_14k,active,Maaji,14KIDS,7702781035112,14KIDS,110000,COP Price
1695KKC01_purple_16k,1695KKC01,Size,1695KKC01_purple_16k,active,Maaji,16KIDS,7702781035129,16KIDS,110000,COP Price
1891ASA01_gray_sm,1891ASA01,Size,1891ASA01_gray_sm,active,Maaji,PEQUEÑO,7702781043575,PEQUEÑO,119900,COP Price
1891ASA01_gray_md,1891ASA01,Size,1891ASA01_gray_md,active,Maaji,MEDIO,7702781043582,MEDIO,119900,COP Price
1891ASA01_gray_lg,1891ASA01,Size,1891ASA01_gray_lg,active,Maaji,GRANDE,7702781043599,GRANDE,119900,COP Price
1863ALM03_gray_xs,1863ALM03,Size,1863ALM03_gray_xs,active,Maaji,EXTRA PEQUEÑO,7702781039363,EXTRA PEQUEÑO,169900,COP Price
1863ALM03_gray_sm,1863ALM03,Size,1863ALM03_gray_sm,active,Maaji,PEQUEÑO,7702781039370,PEQUEÑO,169900,COP Price
1863ALM03_gray_md,1863ALM03,Size,1863ALM03_gray_md,active,Maaji,MEDIO,7702781039387,MEDIO,169900,COP Price
1863ALM03_gray_lg,1863ALM03,Size,1863ALM03_gray_lg,active,Maaji,GRANDE,7702781039394,GRANDE,169900,COP Price
1832ASB02_beige_sm,1832ASB02,Size,1832ASB02_beige_sm,active,Maaji,PEQUEÑO,7702781041991,PEQUEÑO,99900,COP Price
1832ASB02_beige_md,1832ASB02,Size,1832ASB02_beige_md,active,Maaji,MEDIO,7702781042004,MEDIO,99900,COP Price
1832ASB02_beige_lg,1832ASB02,Size,1832ASB02_beige_lg,active,Maaji,GRANDE,7702781042011,GRANDE,99900,COP Price
1886ASH02_gray_xs,1886ASH02,Size,1886ASH02_gray_xs,active,Maaji,EXTRA PEQUEÑO,7702781039714,EXTRA PEQUEÑO,99900,COP Price
1886ASH02_gray_sm,1886ASH02,Size,1886ASH02_gray_sm,active,Maaji,PEQUEÑO,7702781039721,PEQUEÑO,99900,COP Price
1886ASH02_gray_md,1886ASH02,Size,1886ASH02_gray_md,active,Maaji,MEDIO,7702781039738,MEDIO,99900,COP Price
1886ASH02_gray_lg,1886ASH02,Size,1886ASH02_gray_lg,active,Maaji,GRANDE,7702781039745,GRANDE,99900,COP Price
1760ASB05_beige_sm,1760ASB05,Size,1760ASB05_beige_sm,active,Maaji,PEQUEÑO,7702781036096,PEQUEÑO,99900,COP Price
1760ASB05_beige_md,1760ASB05,Size,1760ASB05_beige_md,active,Maaji,MEDIO,7702781036102,MEDIO,99900,COP Price
1760ASB05_beige_lg,1760ASB05,Size,1760ASB05_beige_lg,active,Maaji,GRANDE,7702781036119,GRANDE,99900,COP Price
1887ASA01_gray_sm,1887ASA01,Size,1887ASA01_gray_sm,active,Maaji,PEQUEÑO,7702781041793,PEQUEÑO,99900,COP Price
1887ASA01_gray_md,1887ASA01,Size,1887ASA01_gray_md,active,Maaji,MEDIO,7702781041809,MEDIO,99900,COP Price
1887ASA01_gray_lg,1887ASA01,Size,1887ASA01_gray_lg,active,Maaji,GRANDE,7702781041816,GRANDE,99900,COP Price
1872ABD01_beige_sm,1872ABD01,Size,1872ABD01_beige_sm,active,Maaji,PEQUEÑO,7702781041946,PEQUEÑO,126000,COP Price
1872ABD01_beige_md,1872ABD01,Size,1872ABD01_beige_md,active,Maaji,MEDIO,7702781041953,MEDIO,126000,COP Price
1872ABD01_beige_lg,1872ABD01,Size,1872ABD01_beige_lg,active,Maaji,GRANDE,7702781041960,GRANDE,126000,COP Price
1886ASH01_white_xs,1886ASH01,Size,1886ASH01_white_xs,active,Maaji,EXTRA PEQUEÑO,7702781039660,EXTRA PEQUEÑO,99900,COP Price
1886ASH01_white_sm,1886ASH01,Size,1886ASH01_white_sm,active,Maaji,PEQUEÑO,7702781039677,PEQUEÑO,99900,COP Price
1886ASH01_white_md,1886ASH01,Size,1886ASH01_white_md,active,Maaji,MEDIO,7702781039684,MEDIO,99900,COP Price
1886ASH01_white_lg,1886ASH01,Size,1886ASH01_white_lg,active,Maaji,GRANDE,7702781039691,GRANDE,99900,COP Price
1785ALY04_gray_sm,1785ALY04,Size,1785ALY04_gray_sm,active,Maaji,PEQUEÑO,7702781033873,PEQUEÑO,169900,COP Price
1785ALY04_gray_md,1785ALY04,Size,1785ALY04_gray_md,active,Maaji,MEDIO,7702781033880,MEDIO,169900,COP Price
1785ALY04_gray_lg,1785ALY04,Size,1785ALY04_gray_lg,active,Maaji,GRANDE,7702781033897,GRANDE,169900,COP Price
1769ALL05_black_xs,1769ALL05,Size,1769ALL05_black_xs,active,Maaji,EXTRA PEQUEÑO,7702781041373,EXTRA PEQUEÑO,179900,COP Price
1769ALL05_black_sm,1769ALL05,Size,1769ALL05_black_sm,active,Maaji,MEDIO,7702781041380,MEDIO,179900,COP Price
1769ALL05_black_md,1769ALL05,Size,1769ALL05_black_md,active,Maaji,GRANDE,7702781041397,GRANDE,179900,COP Price
1769ALL05_black_lg,1769ALL05,Size,1769ALL05_black_lg,active,Maaji,GRANDE,7702781041403,GRANDE,179900,COP Price
1882AST01_black_sm,1882AST01,Size,1882AST01_black_sm,active,Maaji,PEQUEÑO,7702781036140,PEQUEÑO,79900,COP Price
1882AST01_black_md,1882AST01,Size,1882AST01_black_md,active,Maaji,MEDIO,7702781036157,MEDIO,79900,COP Price
1882AST01_black_lg,1882AST01,Size,1882AST01_black_lg,active,Maaji,GRANDE,7702781036164,GRANDE,79900,COP Price
1786ALC07_gray_xs,1786ALC07,Size,1786ALC07_gray_xs,active,Maaji,EXTRA PEQUEÑO,7702781041656,EXTRA PEQUEÑO,149900,COP Price
1786ALC07_gray_sm,1786ALC07,Size,1786ALC07_gray_sm,active,Maaji,PEQUEÑO,7702781041663,PEQUEÑO,149900,COP Price
1786ALC07_gray_md,1786ALC07,Size,1786ALC07_gray_md,active,Maaji,MEDIO,7702781041670,MEDIO,149900,COP Price
1786ALC07_gray_lg,1786ALC07,Size,1786ALC07_gray_lg,active,Maaji,GRANDE,7702781041687,GRANDE,149900,COP Price
1779ASB04_black_sm,1779ASB04,Size,1779ASB04_black_sm,active,Maaji,PEQUEÑO,7702781039820,PEQUEÑO,99900,COP Price
1779ASB04_black_md,1779ASB04,Size,1779ASB04_black_md,active,Maaji,MEDIO,7702781039837,MEDIO,99900,COP Price
1779ASB04_black_lg,1779ASB04,Size,1779ASB04_black_lg,active,Maaji,GRANDE,7702781039844,GRANDE,99900,COP Price
1883ATT03_gray_sm,1883ATT03,Size,1883ATT03_gray_sm,active,Maaji,PEQUEÑO,7702781043476,PEQUEÑO,79900,COP Price
1883ATT03_gray_md,1883ATT03,Size,1883ATT03_gray_md,active,Maaji,MEDIO,7702781043483,MEDIO,79900,COP Price
1883ATT03_gray_lg,1883ATT03,Size,1883ATT03_gray_lg,active,Maaji,GRANDE,7702781043490,GRANDE,79900,COP Price
1876ASH01_blue_xs,1876ASH01,Size,1876ASH01_blue_xs,active,Maaji,EXTRA PEQUEÑO,7702781037031,EXTRA PEQUEÑO,99900,COP Price
1876ASH01_blue_sm,1876ASH01,Size,1876ASH01_blue_sm,active,Maaji,PEQUEÑO,7702781037048,PEQUEÑO,99900,COP Price
1876ASH01_blue_md,1876ASH01,Size,1876ASH01_blue_md,active,Maaji,MEDIO,7702781037055,MEDIO,99900,COP Price
1876ASH01_blue_lg,1876ASH01,Size,1876ASH01_blue_lg,active,Maaji,GRANDE,7702781037062,GRANDE,99900,COP Price
1879ASB01_blue_sm,1879ASB01,Size,1879ASB01_blue_sm,active,Maaji,PEQUEÑO,7702781042097,PEQUEÑO,99900,COP Price
1879ASB01_blue_md,1879ASB01,Size,1879ASB01_blue_md,active,Maaji,MEDIO,7702781042103,MEDIO,99900,COP Price
1879ASB01_blue_lg,1879ASB01,Size,1879ASB01_blue_lg,active,Maaji,GRANDE,7702781042110,GRANDE,99900,COP Price
1823ALC05_blue_xs,1823ALC05,Size,1823ALC05_blue_xs,active,Maaji,EXTRA PEQUEÑO,7702781039066,EXTRA PEQUEÑO,159000,COP Price
1823ALC05_blue_sm,1823ALC05,Size,1823ALC05_blue_sm,active,Maaji,PEQUEÑO,7702781039073,PEQUEÑO,159000,COP Price
1823ALC05_blue_md,1823ALC05,Size,1823ALC05_blue_md,active,Maaji,MEDIO,7702781039080,MEDIO,159000,COP Price
1823ALC05_blue_lg,1823ALC05,Size,1823ALC05_blue_lg,active,Maaji,GRANDE,7702781039097,GRANDE,159000,COP Price
1875ASB01_black_sm,1875ASB01,Size,1875ASB01_black_sm,active,Maaji,PEQUEÑO,7702781042042,PEQUEÑO,79900,COP Price
1875ASB01_black_md,1875ASB01,Size,1875ASB01_black_md,active,Maaji,MEDIO,7702781042059,MEDIO,79900,COP Price
1875ASB01_black_lg,1875ASB01,Size,1875ASB01_black_lg,active,Maaji,GRANDE,7702781042066,GRANDE,79900,COP Price
1827ASB03_blue_sm,1827ASB03,Size,1827ASB03_blue_sm,active,Maaji,PEQUEÑO,7702781037192,PEQUEÑO,99900,COP Price
1827ASB03_blue_md,1827ASB03,Size,1827ASB03_blue_md,active,Maaji,MEDIO,7702781037208,MEDIO,99900,COP Price
1827ASB03_blue_lg,1827ASB03,Size,1827ASB03_blue_lg,active,Maaji,GRANDE,7702781037215,GRANDE,99900,COP Price
1837ALM04_blue_xs,1837ALM04,Size,1837ALM04_blue_xs,active,Maaji,EXTRA PEQUEÑO,7702781032029,EXTRA PEQUEÑO,179900,COP Price
1837ALM04_blue_sm,1837ALM04,Size,1837ALM04_blue_sm,active,Maaji,PEQUEÑO,7702781032036,PEQUEÑO,179900,COP Price
1837ALM04_blue_md,1837ALM04,Size,1837ALM04_blue_md,active,Maaji,MEDIO,7702781032043,MEDIO,179900,COP Price
1837ALM04_blue_lg,1837ALM04,Size,1837ALM04_blue_lg,active,Maaji,GRANDE,7702781032050,GRANDE,179900,COP Price
1825ALM05_blue_xs,1825ALM05,Size,1825ALM05_blue_xs,active,Maaji,EXTRA PEQUEÑO,7702781041427,EXTRA PEQUEÑO,179900,COP Price
1825ALM05_blue_sm,1825ALM05,Size,1825ALM05_blue_sm,active,Maaji,PEQUEÑO,7702781041434,PEQUEÑO,179900,COP Price
1825ALM05_blue_md,1825ALM05,Size,1825ALM05_blue_md,active,Maaji,MEDIO,7702781041441,MEDIO,179900,COP Price
1825ALM05_blue_lg,1825ALM05,Size,1825ALM05_blue_lg,active,Maaji,GRANDE,7702781041458,GRANDE,179900,COP Price
1806ALM03_blue_xs,1806ALM03,Size,1806ALM03_blue_xs,active,Maaji,EXTRA PEQUEÑO,7702781038038,EXTRA PEQUEÑO,179900,COP Price
1806ALM03_blue_sm,1806ALM03,Size,1806ALM03_blue_sm,active,Maaji,PEQUEÑO,7702781038045,PEQUEÑO,179900,COP Price
1806ALM03_blue_md,1806ALM03,Size,1806ALM03_blue_md,active,Maaji,MEDIO,7702781038052,MEDIO,179900,COP Price
1806ALM03_blue_lg,1806ALM03,Size,1806ALM03_blue_lg,active,Maaji,GRANDE,7702781038069,GRANDE,179900,COP Price
1786ALM08_blue_xs,1786ALM08,Size,1786ALM08_blue_xs,active,Maaji,EXTRA PEQUEÑO,7702781038861,EXTRA PEQUEÑO,169900,COP Price
1786ALM08_blue_sm,1786ALM08,Size,1786ALM08_blue_sm,active,Maaji,PEQUEÑO,7702781038878,PEQUEÑO,169900,COP Price
1786ALM08_blue_md,1786ALM08,Size,1786ALM08_blue_md,active,Maaji,MEDIO,7702781038885,MEDIO,169900,COP Price
1786ALM08_blue_lg,1786ALM08,Size,1786ALM08_blue_lg,active,Maaji,GRANDE,7702781038892,GRANDE,169900,COP Price
1849ATT01_black_sm,1849ATT01,Size,1849ATT01_black_sm,active,Maaji,PEQUEÑO,7702781017361,PEQUEÑO,79900,COP Price
1849ATT01_black_md,1849ATT01,Size,1849ATT01_black_md,active,Maaji,MEDIO,7702781017378,MEDIO,79900,COP Price
1849ATT01_black_lg,1849ATT01,Size,1849ATT01_black_lg,active,Maaji,GRANDE,7702781017385,GRANDE,79900,COP Price
1888ATT03_blue_sm,1888ATT03,Size,1888ATT03_blue_sm,active,Maaji,PEQUEÑO,7702781036041,PEQUEÑO,79900,COP Price
1888ATT03_blue_md,1888ATT03,Size,1888ATT03_blue_md,active,Maaji,MEDIO,7702781036058,MEDIO,79900,COP Price
1888ATT03_blue_lg,1888ATT03,Size,1888ATT03_blue_lg,active,Maaji,GRANDE,7702781036065,GRANDE,79900,COP Price
1795APA05_blue_sm,1795APA05,Size,1795APA05_blue_sm,active,Maaji,PEQUEÑO,7702781037895,PEQUEÑO,189900,COP Price
1795APA05_blue_md,1795APA05,Size,1795APA05_blue_md,active,Maaji,MEDIO,7702781037901,MEDIO,189900,COP Price
1795APA05_blue_lg,1795APA05,Size,1795APA05_blue_lg,active,Maaji,GRANDE,7702781037918,GRANDE,189900,COP Price
1883ATT02_beige_sm,1883ATT02,Size,1883ATT02_beige_sm,active,Maaji,PEQUEÑO,7702781043681,PEQUEÑO,79900,COP Price
1883ATT02_beige_md,1883ATT02,Size,1883ATT02_beige_md,active,Maaji,MEDIO,7702781043698,MEDIO,79900,COP Price
1883ATT02_beige_lg,1883ATT02,Size,1883ATT02_beige_lg,active,Maaji,GRANDE,7702781043704,GRANDE,79900,COP Price
1892ALY01_gray_sm,1892ALY01,Size,1892ALY01_gray_sm,active,Maaji,PEQUEÑO,7702781030117,PEQUEÑO,79900,COP Price
1892ALY01_gray_md,1892ALY01,Size,1892ALY01_gray_md,active,Maaji,MEDIO,7702781030124,MEDIO,79900,COP Price
1892ALY01_gray_lg,1892ALY01,Size,1892ALY01_gray_lg,active,Maaji,GRANDE,7702781030131,GRANDE,79900,COP Price
1869ALS03_gray_sm,1869ALS03,Size,1869ALS03_gray_sm,active,Maaji,PEQUEÑO,7702781029968,PEQUEÑO,119900,COP Price
1869ALS03_gray_md,1869ALS03,Size,1869ALS03_gray_md,active,Maaji,MEDIO,7702781029975,MEDIO,119900,COP Price
1869ALS03_gray_lg,1869ALS03,Size,1869ALS03_gray_lg,active,Maaji,GRANDE,7702781029982,GRANDE,119900,COP Price
1889AHL01_gray_sm,1889AHL01,Size,1889AHL01_gray_sm,active,Maaji,PEQUEÑO,7702781043209,PEQUEÑO,189900,COP Price
1889AHL01_gray_md,1889AHL01,Size,1889AHL01_gray_md,active,Maaji,MEDIO,7702781043216,MEDIO,189900,COP Price
1889AHL01_gray_lg,1889AHL01,Size,1889AHL01_gray_lg,active,Maaji,GRANDE,7702781043223,GRANDE,189900,COP Price
1868ASB01_green_sm,1868ASB01,Size,1868ASB01_green_sm,active,Maaji,PEQUEÑO,7702781041892,PEQUEÑO,79900,COP Price
1868ASB01_green_md,1868ASB01,Size,1868ASB01_green_md,active,Maaji,MEDIO,7702781041908,MEDIO,79900,COP Price
1868ASB01_green_lg,1868ASB01,Size,1868ASB01_green_lg,active,Maaji,GRANDE,7702781041915,GRANDE,79900,COP Price
1760ASB07_black_sm,1760ASB07,Size,1760ASB07_black_sm,active,Maaji,PEQUEÑO,7702781034863,PEQUEÑO,99900,COP Price
1760ASB07_black_md,1760ASB07,Size,1760ASB07_black_md,active,Maaji,MEDIO,7702781034870,MEDIO,99900,COP Price
1760ASB07_black_lg,1760ASB07,Size,1760ASB07_black_lg,active,Maaji,GRANDE,7702781034887,GRANDE,99900,COP Price
1881ASB01_green_sm,1881ASB01,Size,1881ASB01_green_sm,active,Maaji,PEQUEÑO,7702781035594,PEQUEÑO,99900,COP Price
1881ASB01_green_md,1881ASB01,Size,1881ASB01_green_md,active,Maaji,MEDIO,7702781035600,MEDIO,99900,COP Price
1881ASB01_green_lg,1881ASB01,Size,1881ASB01_green_lg,active,Maaji,GRANDE,7702781035617,GRANDE,99900,COP Price
1873ASB01_black_sm,1873ASB01,Size,1873ASB01_black_sm,active,Maaji,PEQUEÑO,7702781041335,PEQUEÑO,99900,COP Price
1873ASB01_black_md,1873ASB01,Size,1873ASB01_black_md,active,Maaji,MEDIO,7702781041342,MEDIO,99900,COP Price
1873ASB01_black_lg,1873ASB01,Size,1873ASB01_black_lg,active,Maaji,GRANDE,7702781041359,GRANDE,99900,COP Price
1765ASB03_black_sm,1765ASB03,Size,1765ASB03_black_sm,active,Maaji,PEQUEÑO,7702781033927,PEQUEÑO,99900,COP Price
1765ASB03_black_md,1765ASB03,Size,1765ASB03_black_md,active,Maaji,MEDIO,7702781033934,MEDIO,99900,COP Price
1765ASB03_black_lg,1765ASB03,Size,1765ASB03_black_lg,active,Maaji,GRANDE,7702781033941,GRANDE,99900,COP Price
1827ASB04_green_sm,1827ASB04,Size,1827ASB04_green_sm,active,Maaji,PEQUEÑO,7702781037147,PEQUEÑO,99900,COP Price
1827ASB04_green_md,1827ASB04,Size,1827ASB04_green_md,active,Maaji,MEDIO,7702781037154,MEDIO,99900,COP Price
1827ASB04_green_lg,1827ASB04,Size,1827ASB04_green_lg,active,Maaji,GRANDE,7702781037161,GRANDE,99900,COP Price
1876ASH02_gray_xs,1876ASH02,Size,1876ASH02_gray_xs,active,Maaji,EXTRA PEQUEÑO,7702781037086,EXTRA PEQUEÑO,99900,COP Price
1876ASH02_gray_sm,1876ASH02,Size,1876ASH02_gray_sm,active,Maaji,PEQUEÑO,7702781037093,PEQUEÑO,99900,COP Price
1876ASH02_gray_md,1876ASH02,Size,1876ASH02_gray_md,active,Maaji,MEDIO,7702781037109,MEDIO,99900,COP Price
1876ASH02_gray_lg,1876ASH02,Size,1876ASH02_gray_lg,active,Maaji,GRANDE,7702781037116,GRANDE,99900,COP Price
1863ALM04_green_xs,1863ALM04,Size,1863ALM04_green_xs,active,Maaji,EXTRA PEQUEÑO,7702781039561,EXTRA PEQUEÑO,169900,COP Price
1863ALM04_green_sm,1863ALM04,Size,1863ALM04_green_sm,active,Maaji,PEQUEÑO,7702781039578,PEQUEÑO,169900,COP Price
1863ALM04_green_md,1863ALM04,Size,1863ALM04_green_md,active,Maaji,MEDIO,7702781039585,MEDIO,169900,COP Price
1863ALM04_green_lg,1863ALM04,Size,1863ALM04_green_lg,active,Maaji,GRANDE,7702781039592,GRANDE,169900,COP Price
1866ALM02_green_xs,1866ALM02,Size,1866ALM02_green_xs,active,Maaji,EXTRA PEQUEÑO,7702781035686,EXTRA PEQUEÑO,179900,COP Price
1866ALM02_green_sm,1866ALM02,Size,1866ALM02_green_sm,active,Maaji,PEQUEÑO,7702781035693,PEQUEÑO,179900,COP Price
1866ALM02_green_md,1866ALM02,Size,1866ALM02_green_md,active,Maaji,MEDIO,7702781035709,MEDIO,179900,COP Price
1866ALM02_green_lg,1866ALM02,Size,1866ALM02_green_lg,active,Maaji,GRANDE,7702781035716,GRANDE,179900,COP Price
1791ALM02_green_xs,1791ALM02,Size,1791ALM02_green_xs,active,Maaji,EXTRA PEQUEÑO,7702781043148,EXTRA PEQUEÑO,179900,COP Price
1791ALM02_green_sm,1791ALM02,Size,1791ALM02_green_sm,active,Maaji,PEQUEÑO,7702781043155,PEQUEÑO,179900,COP Price
1791ALM02_green_md,1791ALM02,Size,1791ALM02_green_md,active,Maaji,MEDIO,7702781043162,MEDIO,179900,COP Price
1791ALM02_green_lg,1791ALM02,Size,1791ALM02_green_lg,active,Maaji,GRANDE,7702781043179,GRANDE,179900,COP Price
1813ALM08_gray_xs,1813ALM08,Size,1813ALM08_gray_xs,active,Maaji,EXTRA PEQUEÑO,7702781040567,EXTRA PEQUEÑO,149900,COP Price
1813ALM08_gray_sm,1813ALM08,Size,1813ALM08_gray_sm,active,Maaji,PEQUEÑO,7702781040574,PEQUEÑO,149900,COP Price
1813ALM08_gray_md,1813ALM08,Size,1813ALM08_gray_md,active,Maaji,MEDIO,7702781040581,MEDIO,149900,COP Price
1813ALM08_gray_lg,1813ALM08,Size,1813ALM08_gray_lg,active,Maaji,GRANDE,7702781040598,GRANDE,149900,COP Price
1786ALM05_green_xs,1786ALM05,Size,1786ALM05_green_xs,active,Maaji,EXTRA PEQUEÑO,7702781035235,EXTRA PEQUEÑO,169900,COP Price
1786ALM05_green_sm,1786ALM05,Size,1786ALM05_green_sm,active,Maaji,PEQUEÑO,7702781035242,PEQUEÑO,169900,COP Price
1786ALM05_green_md,1786ALM05,Size,1786ALM05_green_md,active,Maaji,MEDIO,7702781035259,MEDIO,169900,COP Price
1786ALM05_green_lg,1786ALM05,Size,1786ALM05_green_lg,active,Maaji,GRANDE,7702781035266,GRANDE,169900,COP Price
1833ALL02_green_xs,1833ALL02,Size,1833ALL02_green_xs,active,Maaji,EXTRA PEQUEÑO,7702781036980,EXTRA PEQUEÑO,179900,COP Price
1833ALL02_green_sm,1833ALL02,Size,1833ALL02_green_sm,active,Maaji,PEQUEÑO,7702781036997,PEQUEÑO,179900,COP Price
1833ALL02_green_md,1833ALL02,Size,1833ALL02_green_md,active,Maaji,MEDIO,7702781037000,MEDIO,179900,COP Price
1833ALL02_green_lg,1833ALL02,Size,1833ALL02_green_lg,active,Maaji,GRANDE,7702781037017,GRANDE,179900,COP Price
1823ALL03_black_xs,1823ALL03,Size,1823ALL03_black_xs,active,Maaji,EXTRA PEQUEÑO,7702781039165,EXTRA PEQUEÑO,179900,COP Price
1823ALL03_black_sm,1823ALL03,Size,1823ALL03_black_sm,active,Maaji,PEQUEÑO,7702781039172,PEQUEÑO,179900,COP Price
1823ALL03_black_md,1823ALL03,Size,1823ALL03_black_md,active,Maaji,MEDIO,7702781039189,MEDIO,179900,COP Price
1823ALL03_black_lg,1823ALL03,Size,1823ALL03_black_lg,active,Maaji,GRANDE,7702781039196,GRANDE,179900,COP Price
1877AJG01_black_sm,1877AJG01,Size,1877AJG01_black_sm,active,Maaji,PEQUEÑO,7702781042141,PEQUEÑO,169900,COP Price
1877AJG01_black_md,1877AJG01,Size,1877AJG01_black_md,active,Maaji,MEDIO,7702781042158,MEDIO,169900,COP Price
1877AJG01_black_lg,1877AJG01,Size,1877AJG01_black_lg,active,Maaji,GRANDE,7702781042165,GRANDE,169900,COP Price
1886ASH03_green_xs,1886ASH03,Size,1886ASH03_green_xs,active,Maaji,EXTRA PEQUEÑO,7702781039769,EXTRA PEQUEÑO,99900,COP Price
1886ASH03_green_sm,1886ASH03,Size,1886ASH03_green_sm,active,Maaji,PEQUEÑO,7702781039776,PEQUEÑO,99900,COP Price
1886ASH03_green_md,1886ASH03,Size,1886ASH03_green_md,active,Maaji,MEDIO,7702781039783,MEDIO,99900,COP Price
1886ASH03_green_lg,1886ASH03,Size,1886ASH03_green_lg,active,Maaji,GRANDE,7702781039790,GRANDE,99900,COP Price
1888ATT01_green_sm,1888ATT01,Size,1888ATT01_green_sm,active,Maaji,PEQUEÑO,7702781035891,PEQUEÑO,79900,COP Price
1888ATT01_green_md,1888ATT01,Size,1888ATT01_green_md,active,Maaji,MEDIO,7702781035907,MEDIO,79900,COP Price
1888ATT01_green_lg,1888ATT01,Size,1888ATT01_green_lg,active,Maaji,GRANDE,7702781035914,GRANDE,79900,COP Price
1883ATT04_blue_sm,1883ATT04,Size,1883ATT04_blue_sm,active,Maaji,PEQUEÑO,7702781043520,PEQUEÑO,79900,COP Price
1883ATT04_blue_md,1883ATT04,Size,1883ATT04_blue_md,active,Maaji,MEDIO,7702781043537,MEDIO,79900,COP Price
1883ATT04_blue_lg,1883ATT04,Size,1883ATT04_blue_lg,active,Maaji,GRANDE,7702781043544,GRANDE,79900,COP Price
1883ATT05_black_sm,1883ATT05,Size,1883ATT05_black_sm,active,Maaji,PEQUEÑO,7702781043834,PEQUEÑO,79900,COP Price
1883ATT05_black_md,1883ATT05,Size,1883ATT05_black_md,active,Maaji,MEDIO,7702781043841,MEDIO,79900,COP Price
1883ATT05_black_lg,1883ATT05,Size,1883ATT05_black_lg,active,Maaji,GRANDE,7702781043858,GRANDE,79900,COP Price
1892ALY03_blue_sm,1892ALY03,Size,1892ALY03_blue_sm,active,Maaji,PEQUEÑO,7702781030216,PEQUEÑO,79900,COP Price
1892ALY03_blue_md,1892ALY03,Size,1892ALY03_blue_md,active,Maaji,MEDIO,7702781030223,MEDIO,79900,COP Price
1892ALY03_blue_lg,1892ALY03,Size,1892ALY03_blue_lg,active,Maaji,GRANDE,7702781030230,GRANDE,79900,COP Price
1880ATS03_gray_sm,1880ATS03,Size,1880ATS03_gray_sm,active,Maaji,PEQUEÑO,7702781030810,PEQUEÑO,79900,COP Price
1880ATS03_gray_md,1880ATS03,Size,1880ATS03_gray_md,active,Maaji,MEDIO,7702781030827,MEDIO,79900,COP Price
1880ATS03_gray_lg,1880ATS03,Size,1880ATS03_gray_lg,active,Maaji,GRANDE,7702781030834,GRANDE,79900,COP Price
1869ALS01_aquamarine_sm,1869ALS01,Size,1869ALS01_aquamarine_sm,active,Maaji,PEQUEÑO,7702781030018,PEQUEÑO,119900,COP Price
1869ALS01_aquamarine_md,1869ALS01,Size,1869ALS01_aquamarine_md,active,Maaji,MEDIO,7702781030025,MEDIO,119900,COP Price
1869ALS01_aquamarine_lg,1869ALS01,Size,1869ALS01_aquamarine_lg,active,Maaji,GRANDE,7702781030032,GRANDE,119900,COP Price
1890ASA01_gray_sm,1890ASA01,Size,1890ASA01_gray_sm,active,Maaji,PEQUEÑO,7702781038472,PEQUEÑO,119900,COP Price
1890ASA01_gray_md,1890ASA01,Size,1890ASA01_gray_md,active,Maaji,MEDIO,7702781038489,MEDIO,119900,COP Price
1890ASA01_gray_lg,1890ASA01,Size,1890ASA01_gray_lg,active,Maaji,GRANDE,7702781038496,GRANDE,119900,COP Price
1864ALY02_aquamarine_sm,1864ALY02,Size,1864ALY02_aquamarine_sm,active,Maaji,PEQUEÑO,7702781036843,PEQUEÑO,79900,COP Price
1864ALY02_aquamarine_md,1864ALY02,Size,1864ALY02_aquamarine_md,active,Maaji,MEDIO,7702781036850,MEDIO,79900,COP Price
1864ALY02_aquamarine_lg,1864ALY02,Size,1864ALY02_aquamarine_lg,active,Maaji,GRANDE,7702781036867,GRANDE,79900,COP Price
1865AHL02_aquamarine_sm,1865AHL02,Size,1865AHL02_aquamarine_sm,active,Maaji,PEQUEÑO,7702781036645,PEQUEÑO,119900,COP Price
1865AHL02_aquamarine_md,1865AHL02,Size,1865AHL02_aquamarine_md,active,Maaji,MEDIO,7702781036652,MEDIO,119900,COP Price
1865AHL02_aquamarine_lg,1865AHL02,Size,1865AHL02_aquamarine_lg,active,Maaji,GRANDE,7702781036669,GRANDE,119900,COP Price
1878AVS01_gray_sm,1878AVS01,Size,1878AVS01_gray_sm,active,Maaji,PEQUEÑO,7702781041847,PEQUEÑO,158000,COP Price
1878AVS01_gray_md,1878AVS01,Size,1878AVS01_gray_md,active,Maaji,MEDIO,7702781041854,MEDIO,158000,COP Price
1878AVS01_gray_lg,1878AVS01,Size,1878AVS01_gray_lg,active,Maaji,GRANDE,7702781041861,GRANDE,158000,COP Price
1845AJK02_green_sm,1845AJK02,Size,1845AJK02_green_sm,active,Maaji,PEQUEÑO,7702781040529,PEQUEÑO,219900,COP Price
1845AJK02_green_md,1845AJK02,Size,1845AJK02_green_md,active,Maaji,MEDIO,7702781040536,MEDIO,219900,COP Price
1845AJK02_green_lg,1845AJK02,Size,1845AJK02_green_lg,active,Maaji,GRANDE,7702781040543,GRANDE,219900,COP Price
1885ASH02_green_xs,1885ASH02,Size,1885ASH02_green_xs,active,Maaji,EXTRA PEQUEÑO,7702781034900,EXTRA PEQUEÑO,99900,COP Price
1885ASH02_green_sm,1885ASH02,Size,1885ASH02_green_sm,active,Maaji,PEQUEÑO,7702781034917,PEQUEÑO,99900,COP Price
1885ASH02_green_md,1885ASH02,Size,1885ASH02_green_md,active,Maaji,MEDIO,7702781034924,MEDIO,99900,COP Price
1885ASH02_green_lg,1885ASH02,Size,1885ASH02_green_lg,active,Maaji,GRANDE,7702781034931,GRANDE,99900,COP Price
1871ASB01_pink_sm,1871ASB01,Size,1871ASB01_pink_sm,active,Maaji,PEQUEÑO,7702781043735,PEQUEÑO,79900,COP Price
1871ASB01_pink_md,1871ASB01,Size,1871ASB01_pink_md,active,Maaji,MEDIO,7702781043742,MEDIO,79900,COP Price
1871ASB01_pink_lg,1871ASB01,Size,1871ASB01_pink_lg,active,Maaji,GRANDE,7702781043759,GRANDE,79900,COP Price
1779ASB05_gray_sm,1779ASB05,Size,1779ASB05_gray_sm,active,Maaji,PEQUEÑO,7702781039875,PEQUEÑO,99900,COP Price
1779ASB05_gray_md,1779ASB05,Size,1779ASB05_gray_md,active,Maaji,MEDIO,7702781039882,MEDIO,99900,COP Price
1779ASB05_gray_lg,1779ASB05,Size,1779ASB05_gray_lg,active,Maaji,GRANDE,7702781039899,GRANDE,99900,COP Price
1760ASB06_gray_sm,1760ASB06,Size,1760ASB06_gray_sm,active,Maaji,PEQUEÑO,7702781035143,PEQUEÑO,99900,COP Price
1760ASB06_gray_md,1760ASB06,Size,1760ASB06_gray_md,active,Maaji,MEDIO,7702781035150,MEDIO,99900,COP Price
1760ASB06_gray_lg,1760ASB06,Size,1760ASB06_gray_lg,active,Maaji,GRANDE,7702781035167,GRANDE,99900,COP Price
1881ASB02_gray_sm,1881ASB02,Size,1881ASB02_gray_sm,active,Maaji,PEQUEÑO,7702781035648,PEQUEÑO,99900,COP Price
1881ASB02_gray_md,1881ASB02,Size,1881ASB02_gray_md,active,Maaji,MEDIO,7702781035655,MEDIO,99900,COP Price
1881ASB02_gray_lg,1881ASB02,Size,1881ASB02_gray_lg,active,Maaji,GRANDE,7702781035662,GRANDE,99900,COP Price
1835ALC03_gray_xs,1835ALC03,Size,1835ALC03_gray_xs,active,Maaji,EXTRA PEQUEÑO,7702781041601,EXTRA PEQUEÑO,159000,COP Price
1835ALC03_gray_sm,1835ALC03,Size,1835ALC03_gray_sm,active,Maaji,PEQUEÑO,7702781041618,PEQUEÑO,159000,COP Price
1835ALC03_gray_md,1835ALC03,Size,1835ALC03_gray_md,active,Maaji,MEDIO,7702781041625,MEDIO,159000,COP Price
1835ALC03_gray_lg,1835ALC03,Size,1835ALC03_gray_lg,active,Maaji,GRANDE,7702781041632,GRANDE,159000,COP Price
1786ALC06_pink_xs,1786ALC06,Size,1786ALC06_pink_xs,active,Maaji,EXTRA PEQUEÑO,7702781034955,EXTRA PEQUEÑO,149900,COP Price
1786ALC06_pink_sm,1786ALC06,Size,1786ALC06_pink_sm,active,Maaji,PEQUEÑO,7702781034962,PEQUEÑO,149900,COP Price
1786ALC06_pink_md,1786ALC06,Size,1786ALC06_pink_md,active,Maaji,MEDIO,7702781034979,MEDIO,149900,COP Price
1786ALC06_pink_lg,1786ALC06,Size,1786ALC06_pink_lg,active,Maaji,GRANDE,7702781034986,GRANDE,149900,COP Price
1863ALM05_gray_xs,1863ALM05,Size,1863ALM05_gray_xs,active,Maaji,EXTRA PEQUEÑO,7702781039615,EXTRA PEQUEÑO,169900,COP Price
1863ALM05_gray_sm,1863ALM05,Size,1863ALM05_gray_sm,active,Maaji,PEQUEÑO,7702781039622,PEQUEÑO,169900,COP Price
1863ALM05_gray_md,1863ALM05,Size,1863ALM05_gray_md,active,Maaji,MEDIO,7702781039639,MEDIO,169900,COP Price
1863ALM05_gray_lg,1863ALM05,Size,1863ALM05_gray_lg,active,Maaji,GRANDE,7702781039646,GRANDE,169900,COP Price
1866ALM01_gray_xs,1866ALM01,Size,1866ALM01_gray_xs,active,Maaji,EXTRA PEQUEÑO,7702781035730,EXTRA PEQUEÑO,179900,COP Price
1866ALM01_gray_sm,1866ALM01,Size,1866ALM01_gray_sm,active,Maaji,PEQUEÑO,7702781035747,PEQUEÑO,179900,COP Price
1866ALM01_gray_md,1866ALM01,Size,1866ALM01_gray_md,active,Maaji,MEDIO,7702781035754,MEDIO,179900,COP Price
1866ALM01_gray_lg,1866ALM01,Size,1866ALM01_gray_lg,active,Maaji,GRANDE,7702781035761,GRANDE,179900,COP Price
1825ALM04_black_xs,1825ALM04,Size,1825ALM04_black_xs,active,Maaji,EXTRA PEQUEÑO,7702781041472,EXTRA PEQUEÑO,179900,COP Price
1825ALM04_black_sm,1825ALM04,Size,1825ALM04_black_sm,active,Maaji,PEQUEÑO,7702781041489,PEQUEÑO,179900,COP Price
1825ALM04_black_md,1825ALM04,Size,1825ALM04_black_md,active,Maaji,MEDIO,7702781041496,MEDIO,179900,COP Price
1825ALM04_black_lg,1825ALM04,Size,1825ALM04_black_lg,active,Maaji,GRANDE,7702781041502,GRANDE,179900,COP Price
1823ALL04_gray_xs,1823ALL04,Size,1823ALL04_gray_xs,active,Maaji,EXTRA PEQUEÑO,7702781039011,EXTRA PEQUEÑO,179900,COP Price
1823ALL04_gray_sm,1823ALL04,Size,1823ALL04_gray_sm,active,Maaji,PEQUEÑO,7702781039028,PEQUEÑO,179900,COP Price
1823ALL04_gray_md,1823ALL04,Size,1823ALL04_gray_md,active,Maaji,MEDIO,7702781039035,MEDIO,179900,COP Price
1823ALL04_gray_lg,1823ALL04,Size,1823ALL04_gray_lg,active,Maaji,GRANDE,7702781039042,GRANDE,179900,COP Price
1822ALL04_gray_xs,1823ALL04,Size,1822ALL04_gray_xs,active,Maaji,EXTRA PEQUEÑO,7702781039011,EXTRA PEQUEÑO,179900,COP Price
1822ALL04_gray_sm,1823ALL04,Size,1822ALL04_gray_sm,active,Maaji,PEQUEÑO,7702781039028,PEQUEÑO,179900,COP Price
1822ALL04_gray_md,1823ALL04,Size,1822ALL04_gray_md,active,Maaji,MEDIO,7702781039035,MEDIO,179900,COP Price
1822ALL04_gray_lg,1823ALL04,Size,1822ALL04_gray_lg,active,Maaji,GRANDE,7702781039042,GRANDE,179900,COP Price
1795APA04_white_sm,1795APA04,Size,1795APA04_white_sm,active,Maaji,PEQUEÑO,7702781037840,PEQUEÑO,169900,COP Price
1795APA04_white_md,1795APA04,Size,1795APA04_white_md,active,Maaji,MEDIO,7702781037857,MEDIO,169900,COP Price
1795APA04_white_lg,1795APA04,Size,1795APA04_white_lg,active,Maaji,GRANDE,7702781037864,GRANDE,169900,COP Price
1888ATT02_white_sm,1888ATT02,Size,1888ATT02_white_sm,active,Maaji,PEQUEÑO,7702781035945,PEQUEÑO,79900,COP Price
1888ATT02_white_md,1888ATT02,Size,1888ATT02_white_md,active,Maaji,MEDIO,7702781035952,MEDIO,79900,COP Price
1888ATT02_white_lg,1888ATT02,Size,1888ATT02_white_lg,active,Maaji,GRANDE,7702781035969,GRANDE,79900,COP Price
1883ATT06_beige_sm,1883ATT06,Size,1883ATT06_beige_sm,active,Maaji,PEQUEÑO,7702781043889,PEQUEÑO,79900,COP Price
1883ATT06_beige_md,1883ATT06,Size,1883ATT06_beige_md,active,Maaji,MEDIO,7702781043896,MEDIO,79900,COP Price
1883ATT06_beige_lg,1883ATT06,Size,1883ATT06_beige_lg,active,Maaji,GRANDE,7702781043902,GRANDE,79900,COP Price
1883ATT01_white_sm,1883ATT01,Size,1883ATT01_white_sm,active,Maaji,PEQUEÑO,7702781043780,PEQUEÑO,79900,COP Price
1883ATT01_white_md,1883ATT01,Size,1883ATT01_white_md,active,Maaji,MEDIO,7702781043797,MEDIO,79900,COP Price
1883ATT01_white_lg,1883ATT01,Size,1883ATT01_white_lg,active,Maaji,GRANDE,7702781043803,GRANDE,79900,COP Price
1892ALY02_orange_sm,1892ALY02,Size,1892ALY02_orange_sm,active,Maaji,PEQUEÑO,7702781030162,PEQUEÑO,79900,COP Price
1892ALY02_orange_md,1892ALY02,Size,1892ALY02_orange_md,active,Maaji,MEDIO,7702781030179,MEDIO,79900,COP Price
1892ALY02_orange_lg,1892ALY02,Size,1892ALY02_orange_lg,active,Maaji,GRANDE,7702781030186,GRANDE,79900,COP Price
1880ATS02_white_sm,1880ATS02,Size,1880ATS02_white_sm,active,Maaji,PEQUEÑO,7702781030766,PEQUEÑO,79900,COP Price
1880ATS02_white_md,1880ATS02,Size,1880ATS02_white_md,active,Maaji,MEDIO,7702781030773,MEDIO,79900,COP Price
1880ATS02_white_lg,1880ATS02,Size,1880ATS02_white_lg,active,Maaji,GRANDE,7702781030780,GRANDE,79900,COP Price
1787ALY04_gray_sm,1787ALY04,Size,1787ALY04_gray_sm,active,Maaji,PEQUEÑO,7702781037246,PEQUEÑO,119900,COP Price
1787ALY04_gray_md,1787ALY04,Size,1787ALY04_gray_md,active,Maaji,MEDIO,7702781037253,MEDIO,119900,COP Price
1787ALY04_gray_lg,1787ALY04,Size,1787ALY04_gray_lg,active,Maaji,GRANDE,7702781037260,GRANDE,119900,COP Price
1884ALY01_white_sm,1884ALY01,Size,1884ALY01_white_sm,active,Maaji,PEQUEÑO,7702781043636,PEQUEÑO,119900,COP Price
1884ALY01_white_md,1884ALY01,Size,1884ALY01_white_md,active,Maaji,MEDIO,7702781043643,MEDIO,119900,COP Price
1884ALY01_white_lg,1884ALY01,Size,1884ALY01_white_lg,active,Maaji,GRANDE,7702781043650,GRANDE,119900,COP Price
1869ALS02_pink_sm,1869ALS02,Size,1869ALS02_pink_sm,active,Maaji,PEQUEÑO,7702781030063,PEQUEÑO,119900,COP Price
1869ALS02_pink_md,1869ALS02,Size,1869ALS02_pink_md,active,Maaji,MEDIO,7702781030070,MEDIO,119900,COP Price
1869ALS02_pink_lg,1869ALS02,Size,1869ALS02_pink_lg,active,Maaji,GRANDE,7702781030087,GRANDE,119900,COP Price
1864ALY01_white_sm,1864ALY01,Size,1864ALY01_white_sm,active,Maaji,PEQUEÑO,7702781036799,PEQUEÑO,79900,COP Price
1864ALY01_white_md,1864ALY01,Size,1864ALY01_white_md,active,Maaji,MEDIO,7702781036805,MEDIO,79900,COP Price
1864ALY01_white_lg,1864ALY01,Size,1864ALY01_white_lg,active,Maaji,GRANDE,7702781036812,GRANDE,79900,COP Price
1865AHL01_white_sm,1865AHL01,Size,1865AHL01_white_sm,active,Maaji,PEQUEÑO,7702781036546,PEQUEÑO,119900,COP Price
1865AHL01_white_md,1865AHL01,Size,1865AHL01_white_md,active,Maaji,MEDIO,7702781036553,MEDIO,119900,COP Price
1865AHL01_white_lg,1865AHL01,Size,1865AHL01_white_lg,active,Maaji,GRANDE,7702781036560,GRANDE,119900,COP Price
1870AJK01_assorted_sm,1870AJK01,Size,1870AJK01_assorted_sm,active,Maaji,PEQUEÑO,7702781032814,PEQUEÑO,219900,COP Price
1870AJK01_assorted_md,1870AJK01,Size,1870AJK01_assorted_md,active,Maaji,MEDIO,7702781032821,MEDIO,219900,COP Price
1870AJK01_assorted_lg,1870AJK01,Size,1870AJK01_assorted_lg,active,Maaji,GRANDE,7702781032838,GRANDE,219900,COP Price
1845AJK03_gray_sm,1845AJK03,Size,1845AJK03_gray_sm,active,Maaji,PEQUEÑO,7702781040475,PEQUEÑO,219900,COP Price
1845AJK03_gray_md,1845AJK03,Size,1845AJK03_gray_md,active,Maaji,MEDIO,7702781040482,MEDIO,219900,COP Price
1845AJK03_gray_lg,1845AJK03,Size,1845AJK03_gray_lg,active,Maaji,GRANDE,7702781040499,GRANDE,219900,COP Price
1885ASH01_gray_xs,1885ASH01,Size,1885ASH01_gray_xs,active,Maaji,EXTRA PEQUEÑO,7702781035181,EXTRA PEQUEÑO,99900,COP Price
1885ASH01_gray_sm,1885ASH01,Size,1885ASH01_gray_sm,active,Maaji,PEQUEÑO,7702781035198,PEQUEÑO,99900,COP Price
1885ASH01_gray_md,1885ASH01,Size,1885ASH01_gray_md,active,Maaji,MEDIO,7702781035204,MEDIO,99900,COP Price
1885ASH01_gray_lg,1885ASH01,Size,1885ASH01_gray_lg,active,Maaji,GRANDE,7702781035211,GRANDE,99900,COP Price
