lv1_code,product_class_name,name,status,brand,category.1.path,category.1.category_set,attribute.country_of_origin.string,attribute.description.html,attribute.saya_collection.single_option,attribute.saya_country.string,attribute.saya_fabric_content.single_option,attribute.saya_group.single_option,attribute.saya_line.single_option,attribute.saya_long_description.html,attribute.saya_occasion.multi_option,attribute.saya_product_department.string,attribute.saya_product_line.single_option,attribute.saya_product_status.string,attribute.saya_season.single_option,attribute.saya_tariff_code.string,variation_children_code
9088KST03,Style,9088KST03,active,Maaji,BOYS TRUNKS,default,Colombia,,SUMMER ,Colombia,BOYS TRUNKS 98% POLYESTER 1% POLIETILENO 1% ACRYLIC WOVEN,TRUNKS,TRUNKS,SPEECHLESS,,BOYS,TRUNKS,active,2018,6203430000,9088KST03-blue
9088KST02,Style,9088KST02,active,Maaji,BOYS SPORTY SHORTS,default,Colombia,,SUMMER,Colombia,BOYS TRUNKS 98% POLYESTER 1% POLIETILENO 1% ACRYLIC WOVEN,TRUNKS,TRUNKS,BLUE SKY BLUE,,BOYS,TRUNKS,active,2018,6203430000,9088KST02-red
9086KST03,Style,9086KST03,active,Maaji,BOYS SPORTY SHORTS,default,Colombia,,SUMMER,Colombia,BOYS TRUNKS 68% POLYESTER 27% NYLON 3% POLIETILENO 2% ACRYLIC WOVEN,TRUNKS,TRUNKS,BEACH REPEAT,,BOYS,TRUNKS,active,2018,6203430000,9086KST03-blue
9086KST02,Style,9086KST02,active,Maaji,BOYS SPORTY SHORTS,default,Colombia,,SUMMER,Colombia,BOYS TRUNKS 68% POLYESTER 27% NYLON 3% POLIETILENO 2% ACRYLIC WOVEN,TRUNKS,TRUNKS,JOY QUEST,,BOYS,TRUNKS,active,2018,6203430000,9086KST02-blue
1049TSS04,Style,1049TSS04,active,Maaji,MENS SPORTY SHORTS,default,Colombia,,SUMMER,Colombia,MENS TRUNKS 75% POLYESTER 24% NYLON 1% POLIETILENO WOVEN,TRUNKS,TRUNKS,BEACH REPEAT,,MEN,TRUNKS,active,2018,6203430000,1049TSS04-blue
1049TSS03,Style,1049TSS03,active,Maaji,MENS SPORTY SHORTS,default,Colombia,,SUMMER,Colombia,MENS TRUNKS 75% POLYESTER 24% NYLON 1% POLIETILENO WOVEN,TRUNKS,TRUNKS,JOY QUEST,,MEN,TRUNKS,active,2018,6203430000,1049TSS03-blue
1049TSS02,Style,1049TSS02,active,Maaji,MENS SPORTY SHORTS,default,Colombia,,SUMMER,Colombia,MENS TRUNKS 75% POLYESTER 24% NYLON 1% POLIETILENO WOVEN,TRUNKS,TRUNKS,CHASING THE WILD,,MEN,TRUNKS,active,2018,6203430000,1049TSS02-red
1046TSF04,Style,1046TSF04,active,Maaji,MENS SURF,default,Colombia,,SUMMER,Colombia,MENS TRUNKS 91% POLYESTER 7% NYLON 1% POLIETILENO 1% ACRYLIC WOVEN,TRUNKS,TRUNKS,SEEK THE SEA,,MEN,TRUNKS,active,2018,6203430000,1046TSF04-purple
1046TSF03,Style,1046TSF03,active,Maaji,MENS SURF,default,Colombia,,SUMMER,Colombia,MENS TRUNKS 91% POLYESTER 7% NYLON 1% POLIETILENO 1% ACRYLIC WOVEN,TRUNKS,TRUNKS,SANDED MULTICOLOR,,MEN,TRUNKS,active,2018,6203430000,1046TSF03-blue
1042TRS03,Style,1042TRS03,active,Maaji,MENS REVERSIBLE,default,Colombia,,SUMMER,Colombia,MENS TRUNKS 98% POLYESTER 1% POLIETILENO 1% ACRYLIC WOVEN,TRUNKS,TRUNKS,SPEECHLESS,,MEN,TRUNKS,active,2018,6203430000,1042TRS03-red
1042TRS02,Style,1042TRS02,active,Maaji,MENS REVERSIBLE,default,Colombia,,SUMMER,Colombia,MENS TRUNKS 98% POLYESTER 1% POLIETILENO 1% ACRYLIC WOVEN,TRUNKS,TRUNKS,BLUE SKY BLUE,,MEN,TRUNKS,active,2018,6203430000,1042TRS02-black
1041TBS03,Style,1041TBS03,active,Maaji,MENS BOARD SHORT,default,Colombia,,SUMMER,Colombia,MENS TRUNKS 91% POLYESTER 7% NYLON 1% POLIETILENO 1% ACRYLIC WOVEN,TRUNKS,TRUNKS,SOULIOURNER,,MEN,TRUNKS,active,2018,6203430000,1041TBS03-black
1041TBS02,Style,1041TBS02,active,Maaji,MENS BOARD SHORT,default,Colombia,,SUMMER,Colombia,MENS TRUNKS 91% POLYESTER 7% NYLON 1% POLIETILENO 1% ACRYLIC WOVEN,TRUNKS,TRUNKS,OCEANAHOLIC,,MEN,TRUNKS,active,2018,6203430000,1041TBS02-black
1038TSL03,Style,1038TSL03,active,Maaji,MENS EMBROIDERY,default,Colombia,,SUMMER,Colombia,MENS TRUNKS 97% NYLON 1% POLYESTER 1% ACRYLIC 1% POLIETILENO WOVEN,TRUNKS,TRUNKS,ADMIRABLE LANDSCAPE,,MEN,TRUNKS,active,2018,6203430000,1038TSL03-red
1038TSL02,Style,1038TSL02,active,Maaji,MENS EMBROIDERY,default,Colombia,,SUMMER,Colombia,MENS TRUNKS 97% NYLON 1% POLYESTER 1% ACRYLIC 1% POLIETILENO WOVEN,TRUNKS,TRUNKS,THE WANDERERS,,MEN,TRUNKS,active,2018,6203430000,1038TSL02-blue
1372CSH02,Style,1372CSH02,active,Maaji,WOMEN SHORTS,default,Colombia,,SUMMER,Colombia,WOMENS SHORT 98% NYLON 2% SPANDEX KNIT,COVER UPS,COVER UPS,WHITE - SAND,,WOMEN,COVER UPS,active,2018,6104630000,1372CSH02-black
1422CSD04,Style,1422CSD04,active,Maaji,WOMENS SHORT DRESS,default,Colombia,,SUMMER,Colombia,WOMENS DRESS 100% NYLON KNIT,COVER UPS,COVER UPS,BRILLIANT CACTUS,,WOMEN,COVER UPS,active,2018,6104430000,1422CSD04-purple
1438CSD05,Style,1438CSD05,active,Maaji,WOMENS SHORT DRESS,default,Colombia,,SUMMER,Colombia,WOMENS DRESS 100% VISCOSE WOVEN,COVER UPS,COVER UPS,CORAL TREASURES,,WOMEN,COVER UPS,active,2018,6204440000,1438CSD05-red
1442CSH05,Style,1442CSH05,active,Maaji,WOMENS SHORTS,default,Colombia,,SUMMER,Colombia,WOMENS SHORT 100% NYLON KNIT,COVER UPS,COVER UPS,EPIC SUNSET,,WOMEN,COVER UPS,active,2018,6104630000,1442CSH05-purple
1442CSH06,Style,1442CSH06,active,Maaji,WOMENS SHORTS,default,Colombia,,SUMMER,Colombia,WOMENS SHORT 100% NYLON KNIT,COVER UPS,COVER UPS,SAILING SHIPS,,WOMEN,COVER UPS,active,2018,6104630000,1442CSH06-blue
1446CKL01,Style,1446CKL01,active,Maaji,WOMENS SKIRT,default,Colombia,,SUMMER,Colombia,WOMENS LONG SKIRT 100% NYLON KNIT,COVER UPS,COVER UPS,GAZING AT BEATIFUL,,WOMEN,COVER UPS,active,2018,6104530000,1446CKL01-blue
1461CSD03,Style,1461CSD03,active,Maaji,WOMENS SHORT DRESS,default,Colombia,,SUMMER,Colombia,WOMENS DRESS 100% VISCOSE WOVEN,COVER UPS,COVER UPS,RAINBOW LAKE,,WOMEN,COVER UPS,active,2018,6204440000,1461CSD03-blue
1461CSD04,Style,1461CSD04,active,Maaji,WOMENS SHORT DRESS,default,Colombia,,SUMMER,Colombia,WOMENS DRESS 100% VISCOSE WOVEN,COVER UPS,COVER UPS,NO REGRETS,,WOMEN,COVER UPS,active,2018,6204440000,1461CSD04-purple
1468CPA03,Style,1468CPA03,active,Maaji,WOMENS PANTS,default,Colombia,,SUMMER,Colombia,WOMENS PANTS 98% VISCOSE 1% POLYESTER 1% POLIETILENO WOVEN,COVER UPS,COVER UPS,SUNSHINE VALLEY,,WOMEN,COVER UPS,active,2018,6204690000,1468CPA03-red
1469CKS04,Style,1469CKS04,active,Maaji,WOMENS SHORT SKIRT,default,Colombia,,SUMMER,Colombia,WOMENS SKIRT 88% VISCOSE 11% NYLON 1% SPANDEX WOVEN,COVER UPS,COVER UPS,EXOTIC VOYAGE,,WOMEN,COVER UPS,active,2018,6204590000,1469CKS04-purple
1471CSD02,Style,1471CSD02,active,Maaji,WOMENS DRESS,default,Colombia,,SUMMER,Colombia,WOMENS DRESS 100% NYLON KNIT,COVER UPS,COVER UPS,RAIN SHADOW,,WOMEN,COVER UPS,active,2018,6104430000,1471CSD02-black
1477CSD03,Style,1477CSD03,active,Maaji,WOMENS SHORT DRESS,default,Colombia,,SUMMER,Colombia,WOMENS DRESS 100% NYLON KNIT,COVER UPS,COVER UPS,TBT SAND WAVES,,WOMEN,COVER UPS,active,2018,6104430000,1477CSD03-purple
1483CCT02,Style,1483CCT02,active,Maaji,WOMENS CROP TOP,default,Colombia,,SUMMER,Colombia,WOMENS CROP TOP 100% VISCOSE WOVEN,COVER UPS,COVER UPS,CARIBBEAN OASIS,,WOMEN,COVER UPS,active,2018,6211430000,1483CCT02-red
1502CSD01,Style,1502CSD01,active,Maaji,WOMENS SHORT DRESS,default,Colombia,,SUMMER,Colombia,WOMENS DRESS 100% VISCOSE WOVEN,COVER UPS,COVER UPS,DELIGHTFUL DUNES,,WOMEN,COVER UPS,active,2018,6204440000,1502CSD01-red
1503CSD01,Style,1503CSD01,active,Maaji,WOMENS DRESS,default,Colombia,,SUMMER,Colombia,WOMENS DRESS 96% NYLON 2% POLYESTER 1% ACRYLIC 1% POLIETILENO KNIT,COVER UPS,COVER UPS,YOLO,,WOMEN,COVER UPS,active,2018,6104430000,1503CSD01-red
1504CLD01,Style,1504CLD01,active,Maaji,WOMENS DRESS,default,Colombia,,SUMMER,Colombia,WOMENS DRESS 100% NYLON KNIT,COVER UPS,COVER UPS,NATIVE SOUL,,WOMEN,COVER UPS,active,2018,6104430000,1504CLD01-red
1505CPR01,Style,1505CPR01,active,Maaji,WOMENS PAREO,default,Colombia,,SUMMER,Colombia,BEACH TIE ON 100% COTTON WOVEN,COVER UPS,COVER UPS,HUNTING SUCCULENTS,,WOMEN,COVER UPS,active,2018,6217100000,1505CPR01-red
1506CSD01,Style,1506CSD01,active,Maaji,WOMENS SHORT DRESS,default,Colombia,,SUMMER,Colombia,WOMENS DRESS 100% NYLON KNIT,COVER UPS,COVER UPS,RUNNING WILD,,WOMEN,COVER UPS,active,2018,6104430000,1506CSD01-black
1507CKS01,Style,1507CKS01,active,Maaji,WOMENS SHORT SKIRT,default,Colombia,,SUMMER,Colombia,WOMENS SKIRT 88% VISCOSE 11% NYLON 1% SPANDEX WOVEN,COVER UPS,COVER UPS,VIVACIOUS QUEST,,WOMEN,COVER UPS,active,2018,6204590000,1507CKS01-black
1508CCT01,Style,1508CCT01,active,Maaji,WOMENS CROP TOP,default,Colombia,,SUMMER,Colombia,WOMENS CROP TOP 93% VISCOSE 6% NYLON 1% SPANDEX WOVEN,COVER UPS,COVER UPS,WANNAHAVE FUN,,WOMEN,COVER UPS,active,2018,6211430000,1508CCT01-black
1509CKL01,Style,1509CKL01,active,Maaji,WOMENS LONG SKIRT,default,Colombia,,SUMMER,Colombia,WOMENS LONG SKIRT 100% NYLON KNIT,COVER UPS,COVER UPS,UNDER THE STARS,,WOMEN,COVER UPS,active,2018,6104530000,1509CKL01-black
1510CPR01,Style,1510CPR01,active,Maaji,WOMENS PAREO,default,Colombia,,SUMMER,Colombia,BEACH TIE ON 100% COTTON WOVEN,COVER UPS,COVER UPS,SUCCULENT LANDSCAPE,,WOMEN,COVER UPS,active,2018,6217100000,1510CPR01-black
1511CRO01,Style,1511CRO01,active,Maaji,WOMENS ROMPER,default,Colombia,,SUMMER,Colombia,WOMENS ROMPER 100% NYLON KNIT,COVER UPS,COVER UPS,RIOHACHA GARDEN,,WOMEN,COVER UPS,active,2018,6114300000,1511CRO01-blue
1513CLS01,Style,1513CLS01,active,Maaji,WOMENS LONG SLEEVE SHIRT,default,Colombia,,SUMMER,Colombia,WOMENS DRESS 92% VISCOSE 3% POLYESTER 3% POLIETILENO 2% ACRYLIC WOVEN,COVER UPS,COVER UPS,SWEET BREEZE,,WOMEN,COVER UPS,active,2018,6204440000,1513CLS01-blue
1514CSD01,Style,1514CSD01,active,Maaji,WOMENS SHORT DRESS,default,Colombia,,SUMMER,Colombia,WOMENS DRESS 53% NYLON 47% VISCOSE KNIT,COVER UPS,COVER UPS,NEVER LOOK BACK,,WOMEN,COVER UPS,active,2018,6104430000,1514CSD01-blue
1515CPR01,Style,1515CPR01,active,Maaji,WOMENS PAREO,default,Colombia,,SUMMER,Colombia,BEACH TIE ON 100% COTTON WOVEN,COVER UPS,COVER UPS,FEARLESSLY AUTHENTIC,,WOMEN,COVER UPS,active,2018,6217100000,1515CPR01-blue
1516CCT01,Style,1516CCT01,active,Maaji,WOMENS CROP TOP,default,Colombia,,SUMMER,Colombia,WOMENS CROP TOP 53% VISCOSE 47% NYLON WOVEN,COVER UPS,COVER UPS,NO MATTER WHERE,,WOMEN,COVER UPS,active,2018,6114300000,1516CCT01-blue
1518CSD01,Style,1518CSD01,active,Maaji,WOMENS SHORT DRESS,default,Colombia,,SUMMER,Colombia,WOMENS DRESS 96% NYLON 2% POLYESTER 1% ACRYLIC 1% POLIETILENO KNIT,COVER UPS,COVER UPS,SUNKISSED,,WOMEN,COVER UPS,active,2018,6104430000,1518CSD01-orange
1519CCT01,Style,1519CCT01,active,Maaji,WOMENS CROP TOP,default,Colombia,,SUMMER,Colombia,WOMENS CROP TOP 100% VISCOSE WOVEN,COVER UPS,COVER UPS,TRADE WINDS,,WOMEN,COVER UPS,active,2018,6211430000,1519CCT01-orange
1520CPR01,Style,1520CPR01,active,Maaji,WOMENS PAREO,default,Colombia,,SUMMER,Colombia,BEACH TIE ON 100% COTTON WOVEN,COVER UPS,COVER UPS,GOOD TIMES,,WOMEN,COVER UPS,active,2018,6217100000,1520CPR01-orange
1688KKC03,Style,1688KKC03,active,Maaji,GIRLS SKIRT KIDS,default,Colombia,,SUMMER,Colombia,GIRLS SKIRT 100% NYLON KNIT,KIDS,KIDS,I ROCK,,GIRLS,KIDS,active,2018,6104530000,1688KKC03-black
1689KKC02,Style,1689KKC02,active,Maaji,GIRLS SHORT DRESS KIDS,default,Colombia,,SUMMER,Colombia,GIRLS DRESS 100% VISCOSE WOVEN,KIDS,KIDS,STARFISH WISHES,,GIRLS,KIDS,active,2018,6204440000,1689KKC02-red
1690KKC02,Style,1690KKC02,active,Maaji,GIRLS SHORT DRESS KIDS,default,Colombia,,SUMMER,Colombia,GIRLS DRESS 100% NYLON KNIT,KIDS,KIDS,OCEAN CALL,,GIRLS,KIDS,active,2018,6104430000,1690KKC02-blue
1691KKC02,Style,1691KKC02,active,Maaji,GIRLS SHORT KIDS,default,Colombia,,SUMMER,Colombia,GIRLS SHORT 100% NYLON KNIT,KIDS,KIDS,SUN FLOWER,,GIRLS,KIDS,active,2018,6104630000,1691KKC02-orange
1692KKC02,Style,1692KKC02,active,Maaji,GIRLS SHORT DRESS KIDS,default,Colombia,,SUMMER,Colombia,GIRLS DRESS 100% VISCOSE WOVEN,KIDS,KIDS,SHINEON ME,,GIRLS,KIDS,active,2018,6204440000,1692KKC02-red
1693KKC02,Style,1693KKC02,active,Maaji,GIRLS SHORT DRESS KIDS,default,Colombia,,SUMMER,Colombia,GIRLS DRESS 100% NYLON KNIT,KIDS,KIDS,TAKE ME WITH YOU,,GIRLS,KIDS,active,2018,6104430000,1693KKC02-blue
1694KKC02,Style,1694KKC02,active,Maaji,GIRLS SHORT DRESS KIDS,default,Colombia,,SUMMER,Colombia,GIRLS DRESS 100% NYLON KNIT,KIDS,KIDS,BLOOM BABY,,GIRLS,KIDS,active,2018,6104430000,1694KKC02-black
1695KKC01,Style,1695KKC01,active,Maaji,GIRLS SHORT DRESS KIDS,default,Colombia,,SUMMER,Colombia,GIRLS DRESS 100% NYLON KNIT,KIDS,KIDS,MYSTIC TREASURE,,GIRLS,KIDS,active,2018,6104430000,1695KKC01-orange
3051KKB04,Style,3051KKB04,active,Maaji,GIRLS BIKINI KIDS,default,Colombia,,SUMMER,Colombia,GIRLS SWIMWEAR TWO PIECE 86% NYLON 14% SPANDEX KNIT,KIDS,KIDS,BAKER BEACH,,GIRLS,KIDS,active,2018,6112410000,3051KKB04-blue
3053KKB02,Style,3053KKB02,active,Maaji,GIRLS BIKINI KIDS,default,Colombia,,SUMMER,Colombia,GIRLS SWIMWEAR TWO PIECE 85% NYLON 15% SPANDEX KNIT,KIDS,KIDS,ZIZ OASIS,,GIRLS,KIDS,active,2018,6112410000,3053KKB02-blue
3066KKB03,Style,3066KKB03,active,Maaji,GIRLS BIKINI KIDS,default,Colombia,,SUMMER,Colombia,GIRLS SWIMWEAR TWO PIECE 87% NYLON 13% SPANDEX KNIT,KIDS,KIDS,ROSE OF THE DESERT,,GIRLS,KIDS,active,2018,6112410000,3066KKB03-orange
3080KKB03,Style,3080KKB03,active,Maaji,GIRLS BIKINI KIDS,default,Colombia,,SUMMER,Colombia,GIRLS SWIMWEAR TWO PIECE 88% NYLON 12% SPANDEX KNIT,KIDS,KIDS,STARS RAIN,,GIRLS,KIDS,active,2018,6112410000,3080KKB03-red
3081KKB02,Style,3081KKB02,active,Maaji,GIRLS BIKINI KIDS,default,Colombia,,SUMMER,Colombia,GIRLS SWIMWEAR TWO PIECE 83% NYLON 17% SPANDEX KNIT,KIDS,KIDS,ROLLING WAVES,,GIRLS,KIDS,active,2018,6112410000,3081KKB02-blue
3083KKB03,Style,3083KKB03,active,Maaji,GIRLS BIKINI KIDS,default,Colombia,,SUMMER,Colombia,GIRLS SWIMWEAR TWO PIECE 85% NYLON 15% SPANDEX KNIT,KIDS,KIDS,LITTLE RAINFOREST,,GIRLS,KIDS,active,2018,6112410000,3083KKB03-red
3084KKO02,Style,3084KKO02,active,Maaji,GIRLS ONE PIECE KIDS,default,Colombia,,SUMMER,Colombia,GIRLS SWIMWEAR TWO PIECE 88% NYLON 12% SPANDEX KNIT,KIDS,KIDS,MAGNIFICENT ARRECIFES,,GIRLS,KIDS,active,2018,6112410000,3084KKO02-blue
3085KKO02,Style,3085KKO02,active,Maaji,GIRLS ONE PIECE KIDS,default,Colombia,,SUMMER,Colombia,GIRLS SWIMWEAR ONE PIECE 87%NYLON 13%SPANDEX KNIT,KIDS,KIDS,PLAYA CHIQUITA,,GIRLS,KIDS,active,2018,6112410000,3085KKO02-orange
3088KKB02,Style,3088KKB02,active,Maaji,GIRLS BIKINI KIDS,default,Colombia,,SUMMER,Colombia,GIRLS SWIMWEAR TWO PIECE 86% NYLON 14% SPANDEX KNIT,KIDS,KIDS,CACTI HOTEL,,GIRLS,KIDS,active,2018,6112410000,3088KKB02-black
3090KKB02,Style,3090KKB02,active,Maaji,GIRLS BIKINI KIDS,default,Colombia,,SUMMER,Colombia,GIRLS SWIMWEAR TWO PIECE 85% NYLON 15% SPANDEX KNIT,KIDS,KIDS,CORAL BEANS,,GIRLS,KIDS,active,2018,6112410000,3090KKB02-red
3091KKO02,Style,3091KKO02,active,Maaji,GIRLS ONE PIECE KIDS,default,Colombia,,SUMMER,Colombia,GIRLS SWIMWEAR ONE PIECE 86% NYLON 14% SPANDEX KNIT,KIDS,KIDS,GREENWOODS,,GIRLS,KIDS,active,2018,6112410000,3091KKO02-black
3094KKO01,Style,3094KKO01,active,Maaji,GIRLS ONE PIECE KIDS,default,Colombia,,SUMMER,Colombia,GIRLS SWIMWEAR ONE PIECE 86%NYLON 11%SPANDEX 1%POLYESTER 1%PET 1%ACRYLIC KNIT,KIDS,KIDS,FOREVER SUMMER,,GIRLS,KIDS,active,2018,6112410000,3094KKO01-red
3095KKS01,Style,3095KKS01,active,Maaji,GIRLS SHORT KIDS,default,Colombia,,SUMMER,Colombia,GIRLS SHORT 92% NYLON 8% SPANDEX KNIT,KIDS,KIDS,SHINY CAMEL,,GIRLS,KIDS,active,2018,6104630000,3095KKS01-red
3096KKB01,Style,3096KKB01,active,Maaji,GIRLS BIKINI KIDS,default,Colombia,,SUMMER,Colombia,GIRLS SWIMWEAR TWO PIECE 86% NYLON 14% SPANDEX KNIT,KIDS,KIDS,TIMIA LANDSCAPE,,GIRLS,KIDS,active,2018,6112410000,3096KKB01-red
3097KKR01,Style,3097KKR01,active,Maaji,GIRLS RASH GUARD KIDS,default,Colombia,,SUMMER,Colombia,GIRLS RASGUARD 92% NYLON 8% SPANDEX KNIT,KIDS,KIDS,LOST CITY,,GIRLS,KIDS,active,2018,6110309000,3097KKR01-black
3098KKR01,Style,3098KKR01,active,Maaji,GIRLS RASH GUARD KIDS,default,Colombia,,SUMMER,Colombia,GIRLS RASGUARD 92% NYLON 8% SPANDEX KNIT,KIDS,KIDS,WILDLIFE GORG,,GIRLS,KIDS,active,2018,6110309000,3098KKR01-blue
3099KKO01,Style,3099KKO01,active,Maaji,GIRLS ONE PIECE KIDS,default,Colombia,,SUMMER,Colombia,GIRLS SWIMWEAR ONE PIECE 87%NYLON 13%SPANDEX KNIT,KIDS,KIDS,PASSIONFRUIT FRESHNESS,,GIRLS,KIDS,active,2018,6112410000,3099KKO01-orange
3100KKB01,Style,3100KKB01,active,Maaji,GIRLS BIKINI KIDS,default,Colombia,,SUMMER,Colombia,GIRLS SWIMWEAR TWO PIECE 87% NYLON 13% SPANDEX KNIT,KIDS,KIDS,DUSTY STORM,,GIRLS,KIDS,active,2018,6112410000,3100KKB01-orange
3101KKB01,Style,3101KKB01,active,Maaji,GIRLS BIKINI KIDS,default,Colombia,,SUMMER,Colombia,GIRLS SWIMWEAR TWO PIECE 87% NYLON 13% SPANDEX KNIT,KIDS,KIDS,ROCK DESERT,,GIRLS,KIDS,active,2018,6112410000,3101KKB01-black
3101KKB02,Style,3101KKB02,active,Maaji,GIRLS BIKINI KIDS,default,Colombia,,SUMMER,Colombia,GIRLS SWIMWEAR TWO PIECE 87% NYLON 13% SPANDEX KNIT,KIDS,KIDS,SANDY SANDBELLS,,GIRLS,KIDS,active,2018,6112410000,3101KKB02-orange
3102KKB01,Style,3102KKB01,active,Maaji,GIRLS BIKINI KIDS,default,Colombia,,SUMMER,Colombia,GIRLS SWIMWEAR TWO PIECE 91% NYLON 9% SPANDEX KNIT,KIDS,KIDS,TEMPLE OF JOY,,GIRLS,KIDS,active,2018,6112410000,3102KKB01-red
3103KKS01,Style,3103KKS01,active,Maaji,GIRLS SHORT KIDS,default,Colombia,,SUMMER,Colombia,GIRLS SHORT 92% NYLON 8% SPANDEX KNIT,KIDS,KIDS,COYOTE VALLEY,,GIRLS,KIDS,active,2018,6104630000,3103KKS01-orange
1214XCP05,Style,1214XCP05,active,Maaji,RUNNING ACCESSORIES,default,Colombia,,SUMMER,Colombia,WOMENS VISOR 100% POLYESTER WOVEN,ACCESSORIES,ACCESSORIES,LEAVES VISOR,,WOMEN,ACCESSORIES,active,2018,6507000000,1214XCP05-green
1211XWK02,Style,1211XWK02,active,Maaji,GYM / TRAVEL,default,Colombia,,SUMMER,Colombia,DUFFLE 49% NYLON 47% POLYESTER 4% SPANDEX WOVEN,ACCESSORIES,ACCESSORIES,GRAY DUFFLE BAG,,WOMEN,ACCESSORIES,active,2018,4202220000,1211XWK02-red
1214XCP06,Style,1214XCP06,active,Maaji,RUNNING ACCESSORIES,default,Colombia,,SUMMER,Colombia,WOMENS VISOR 100% POLYESTER WOVEN,ACCESSORIES,ACCESSORIES,FLORANOVA VISOR,,WOMEN,ACCESSORIES,active,2018,6507000000,1214XCP06-red
1219XPK03,Style,1219XPK03,active,Maaji,ACCESORIES BEACH,default,Colombia,,SUMMER,Colombia,WOMENS POCKET 67% NYLON 25% POLYESTER 8% SPANDEX WOVEN,ACCESSORIES,ACCESSORIES,FLORANOVA DOPP KIT,,WOMEN,ACCESSORIES,active,2018,4202320000,1219XPK03-red
1233XTW02,Style,1233XTW02,active,Maaji,TRAVEL ACCESSORIES,default,Colombia,,SUMMER,Colombia,BEACH TOWEL 100% POLYESTER WOVEN,ACCESSORIES,ACCESSORIES,SANDWAVES BEACH TOWEL,,WOMEN,ACCESSORIES,active,2018,6307909000,1233XTW02-orange
1238XCP05,Style,1238XCP05,active,Maaji,ACCESORIES BEACH,default,Colombia,,SUMMER,Colombia,WOMENS VISOR 100% POLYESTER WOVEN,ACCESSORIES,ACCESSORIES,OASIS KNOT VISOR,,WOMEN,ACCESSORIES,active,2018,6507000000,1238XCP05-red
1238XCP06,Style,1238XCP06,active,Maaji,ACCESORIES BEACH,default,Colombia,,SUMMER,Colombia,WOMENS VISOR 100% POLYESTER WOVEN,ACCESSORIES,ACCESSORIES,WINE KNOT VISOR,,WOMEN,ACCESSORIES,active,2018,6507000000,1238XCP06-blue
1244XPK02,Style,1244XPK02,active,Maaji,TRAVEL ACCESSORIES,default,Colombia,,SUMMER,Colombia,WOMENS ORGANIZER 100% POLYESTER WOVEN,ACCESSORIES,ACCESSORIES,ASSORTED FESTIVAL BIKINI BAG,,WOMEN,ACCESSORIES,active,2018,4202320000,1244XPK02-black
1245XVR02,Style,1245XVR02,active,Maaji,TRAVEL ACCESSORIES,default,Colombia,,SUMMER,Colombia,WOMENS TOTE 100% POLYESTER WOVEN,ACCESSORIES,ACCESSORIES,ASSORTED ROLL ME UP,,WOMEN,ACCESSORIES,active,2018,4202220000,1245XVR02-red
1259XBP02,Style,1259XBP02,active,Maaji,GYM / TRAVEL,default,Colombia,,SUMMER,Colombia,SPORTS BAG 100% POLYESTER WOVEN,ACCESSORIES,ACCESSORIES,LEAVES SPORT BAG,,WOMEN,ACCESSORIES,active,2018,4202920000,1259XBP02-green
1260XVR02,Style,1260XVR02,active,Maaji,GYM ACCESORIES,default,Colombia,,SUMMER,Colombia,SPORTS BAG 100% POLYESTER WOVEN,ACCESSORIES,ACCESSORIES,MAAJICAL SPORT BAG,,WOMEN,ACCESSORIES,active,2018,4202920000,1260XVR02-red
1268XWK01,Style,1268XWK01,active,Maaji,TRAVEL ACCESSORIES,default,Colombia,,SUMMER,Colombia,DUFFLE 46% NYLON 36% POLYESTER 7% COTTON 7% VISCOSE 4% SPANDEX WOVEN,ACCESSORIES,ACCESSORIES,MISTERY LOVELY WEEKENDER,,WOMEN,ACCESSORIES,active,2018,4202220000,1268XWK01-black
1269XBP01,Style,1269XBP01,active,Maaji,TRAVEL ACCESSORIES,default,Colombia,,SUMMER,Colombia,WOMENS BACKPACK 52% NYLON 44% POLYESTER 4% SPANDEX WOVEN,ACCESSORIES,ACCESSORIES,MISTERY BACPACK,,WOMEN,ACCESSORIES,active,2018,4202220000,1269XBP01-black
1270XTE01,Style,1270XTE01,active,Maaji,TRAVEL ACCESSORIES,default,Colombia,,SUMMER,Colombia,WOMENS BAG 50% POLYESTER 43% COTTON 7% LINEN WOVEN,ACCESSORIES,ACCESSORIES,CORAL TREASURES BEACH BAG,,WOMEN,ACCESSORIES,active,2018,4202220000,1270XTE01-red
1273XCP01,Style,1273XCP01,active,Maaji,ACCESORIES BEACH,default,Colombia,,SUMMER,Colombia,WOMENS CAP 100% POLYESTER WOVEN,ACCESSORIES,ACCESSORIES,MISTERY KNOT CAP,,WOMEN,ACCESSORIES,active,2018,6506990000,1273XCP01-black
1273XCP02,Style,1273XCP02,active,Maaji,ACCESORIES BEACH,default,Colombia,,SUMMER,Colombia,WOMENS CAP 100% POLYESTER WOVEN,ACCESSORIES,ACCESSORIES,EXOTIC KNOT CAP,,WOMEN,ACCESSORIES,active,2018,6506990000,1273XCP02-orange
1760ASB05,Style,1760ASB05,active,Maaji,DANCE,default,Colombia,,SUMMER,Colombia,WOMENS SPORTS BRA 58% POLYESTER 27% NYLON 15% SPANDEX KNIT,ACTIVE,ACTIVE,TWIST WINGS ECRU,,WOMEN,ACTIVE,active,2018,6114300000,1760ASB05-blue
1760ASB06,Style,1760ASB06,active,Maaji,DANCE,default,Colombia,,SUMMER,Colombia,WOMENS SPORTS BRA 41% NYLON 40% SPANDEX 19% POLYESTER KNIT,ACTIVE,ACTIVE,TWIST LEAF ROSE,,WOMEN,ACTIVE,active,2018,6114300000,1760ASB06-black
1760ASB07,Style,1760ASB07,active,Maaji,YOGA,default,Colombia,,SUMMER,Colombia,WOMENS SPORTS BRA 65% POLYESTER 19% NYLON 16% SPANDEX KNIT,ACTIVE,ACTIVE,TWIST SPACED CHARCOAL,,WOMEN,ACTIVE,active,2018,6114300000,1760ASB07-black
1765ASB03,Style,1765ASB03,active,Maaji,YOGA,default,Colombia,,SUMMER,Colombia,WOMENS SPORTS BRA 46% NYLON 28% POLYESTER 26% SPANDEX KNIT,ACTIVE,ACTIVE,RADIANT EVERGREEN,,WOMEN,ACTIVE,active,2018,6109909000,1765ASB03-black
1769ALL05,Style,1769ALL05,active,Maaji,RUNNING,default,Colombia,,SUMMER,Colombia,WOMENS PANTS 76% NYLON 15% SPANDEX 8% POLYESTER 1% COTTON KNIT,ACTIVE,ACTIVE,CAMERA ROLL BACK EMANA,,WOMEN,ACTIVE,active,2018,6104630000,1769ALL05-black
1779ASB04,Style,1779ASB04,active,Maaji,DANCE,default,Colombia,,SUMMER,Colombia,WOMENS SPORTS BRA 63% NYLON 25% SPANDEX 12% POLYESTER KNIT,ACTIVE,ACTIVE,RIPPLE BLACK,,WOMEN,ACTIVE,active,2018,6114300000,1779ASB04-blue
1779ASB05,Style,1779ASB05,active,Maaji,YOGA,default,Colombia,,SUMMER,Colombia,WOMENS SPORTS BRA 70% NYLON 30% SPANDEX KNIT,ACTIVE,ACTIVE,RIPPLE ROSE,,WOMEN,ACTIVE,active,2018,6114300000,1779ASB05-red
1785ALY04,Style,1785ALY04,active,Maaji,RUNNING,default,Colombia,,SUMMER,Colombia,WOMENS LAYER 69% NYLON 21% SPANDEX 10% POLYESTER KNIT,ACTIVE,ACTIVE,MESH WAVES WINGS ECRU,,WOMEN,ACTIVE,active,2018,6104330000,1785ALY04-blue
1786ALC06,Style,1786ALC06,active,Maaji,DANCE,default,Colombia,,SUMMER,Colombia,WOMENS PANTS 50% SPANDEX 42% NYLON 6% POLYESTER 2% COTTON KNIT,ACTIVE,ACTIVE,DAZZLING FLORAL ROSE,,WOMEN,ACTIVE,active,2018,6104630000,1786ALC06-red
1786ALC07,Style,1786ALC07,active,Maaji,RUNNING,default,Colombia,,SUMMER,Colombia,WOMENS SHORT PANTS 84% POLYESTER 14% SPANDEX 2% COTTON KNIT,ACTIVE,ACTIVE,DAZZLING PALMERA CROP,,WOMEN,ACTIVE,active,2018,6104630000,1786ALC07-blue
1786ALM05,Style,1786ALM05,active,Maaji,RUNNING,default,Colombia,,SUMMER,Colombia,WOMENS PANTS 84% POLYESTER 14% SPANDEX 2% COTTON KNIT,ACTIVE,ACTIVE,DAZZLING JUNGLE,,WOMEN,ACTIVE,active,2018,6104630000,1786ALM05-green
1786ALM08,Style,1786ALM08,active,Maaji,RUNNING,default,Colombia,,SUMMER,Colombia,WOMENS PANTS 84% POLYESTER 14% SPANDEX 2% COTTON KNIT,ACTIVE,ACTIVE,DAZZLING PALMERA,,WOMEN,ACTIVE,active,2018,6104630000,1786ALM08-blue
1787ALY04,Style,1787ALY04,active,Maaji,TRAVEL,default,Colombia,,SUMMER,Colombia,WOMENS LAYER 68% VISCOSE 22% NYLON 10% SPANDEX KNIT,ACTIVE,ACTIVE,WATERFALL GRAY,,WOMEN,ACTIVE,active,2018,6110309000,1787ALY04-red
1791ALM02,Style,1791ALM02,active,Maaji,YOGA,default,Colombia,,SUMMER,Colombia,WOMENS PANTS 58% NYLON 33% SPANDEX 7% POLYESTER 2% COTTON KNIT,ACTIVE,ACTIVE,SIREN EVERGREEN,,WOMEN,ACTIVE,active,2018,6104630000,1791ALM02-green
1795APA04,Style,1795APA04,active,Maaji,TRAVEL,default,Colombia,,SUMMER,Colombia,WOMENS PANTS 78% NYLON 21% SPANDEX 1% COTTON KNIT,ACTIVE,ACTIVE,PURE VIBES TWIG WHITE,,WOMEN,ACTIVE,active,2018,6104630000,1795APA04-red
1795APA05,Style,1795APA05,active,Maaji,TRAVEL,default,Colombia,,SUMMER,Colombia,WOMENS PANTS 78% NYLON 21% SPANDEX 1% COTTON KNIT,ACTIVE,ACTIVE,PURE VIBES WINGS DUSK,,WOMEN,ACTIVE,active,2018,6104630000,1795APA05-blue
1806ALM03,Style,1806ALM03,active,Maaji,YOGA,default,Colombia,,SUMMER,Colombia,WOMENS PANTS 58% NYLON 33% SPANDEX 7% POLYESTER 2% COTTON KNIT,ACTIVE,ACTIVE,LANE DUSK,,WOMEN,ACTIVE,active,2018,6104630000,1806ALM03-blue
1813ALM08,Style,1813ALM08,active,Maaji,RUNNING,default,Colombia,,SUMMER,Colombia,WOMENS PANTS 69% NYLON 16% SPANDEX 10% POLYESTER 5% COTTON KNIT,ACTIVE,ACTIVE,DAZEFUL SWITCHBACK CHARCOAL EMANA,,WOMEN,ACTIVE,active,2018,6104630000,1813ALM08-green
1822ALL04,Style,1822ALL04,active,Maaji,YOGA,default,Colombia,,SUMMER,Colombia,WOMENS PANTS 76% NYLON 24% SPANDEX KNIT,ACTIVE,ACTIVE,DOUBLE DREAM FLORAL GRAY,,WOMEN,ACTIVE,active,2018,6104630000,1822ALL04-red
1823ALC05,Style,1823ALC05,active,Maaji,DANCE,default,Colombia,,SUMMER,Colombia,WOMENS SHORT PANTS 67% NYLON 17% POLYESTER 16% SPANDEX KNIT,ACTIVE,ACTIVE,BANNER WINGS DUSK,,WOMEN,ACTIVE,active,2018,6104630000,1823ALC05-blue
1823ALL03,Style,1823ALL03,active,Maaji,DANCE,default,Colombia,,SUMMER,Colombia,WOMENS PANTS 77% NYLON 16% SPANDEX 7% POLYESTER KNIT,ACTIVE,ACTIVE,BANNER CHARCOAL EMANA,,WOMEN,ACTIVE,active,2018,6104630000,1823ALL03-green
1823ALL04,Style,1823ALL04,active,Maaji,DANCE,default,Colombia,,SUMMER,Colombia,WOMENS PANTS 57% NYLON 31% SPANDEX 12% POLYESTER KNIT,ACTIVE,ACTIVE,BANNER DARK GRAY,,WOMEN,ACTIVE,active,2018,6104630000,1823ALL04-red
1825ALM04,Style,1825ALM04,active,Maaji,YOGA,default,Colombia,,SUMMER,Colombia,WOMENS PANTS 62% NYLON 36% SPANDEX 2% COTTON KNIT,ACTIVE,ACTIVE,CROCHETTA DARK GRAY,,WOMEN,ACTIVE,active,2018,6104630000,1825ALM04-red
1825ALM05,Style,1825ALM05,active,Maaji,DANCE,default,Colombia,,SUMMER,Colombia,WOMENS PANTS 57% NYLON 31% SPANDEX 12% POLYESTER KNIT,ACTIVE,ACTIVE,CROCHETTA DUSK,,WOMEN,ACTIVE,active,2018,6104630000,1825ALM05-blue
1827ASB03,Style,1827ASB03,active,Maaji,RUNNING,default,Colombia,,SUMMER,Colombia,WOMENS SPORTS BRA 71% NYLON 20% SPANDEX 9% POLYESTER KNIT,ACTIVE,ACTIVE,INERTIA DUSK,,WOMEN,ACTIVE,active,2018,6114300000,1827ASB03-blue
1827ASB04,Style,1827ASB04,active,Maaji,RUNNING,default,Colombia,,SUMMER,Colombia,WOMENS SPORTS BRA 46% NYLON 28% POLYESTER 26% SPANDEX KNIT,ACTIVE,ACTIVE,INERTIA EVERGREEN,,WOMEN,ACTIVE,active,2018,6114300000,1827ASB04-green
1832ASB02,Style,1832ASB02,active,Maaji,YOGA,default,Colombia,,SUMMER,Colombia,WOMENS SPORTS BRA 45% POLYESTER 37% NYLON 18% SPANDEX KNIT,ACTIVE,ACTIVE,INSTANTANEOUS ECRU,,WOMEN,ACTIVE,active,2018,6114300000,1832ASB02-blue
1833ALL02,Style,1833ALL02,active,Maaji,RUNNING,default,Colombia,,SUMMER,Colombia,WOMENS PANTS 67% NYLON 27% SPANDEX 5% POLYESTER 1% COTTON KNIT,ACTIVE,ACTIVE,SCOOPE EVERGREEN,,WOMEN,ACTIVE,active,2018,6104630000,1833ALL02-green
1892ALY01,Style,1892ALY01,active,Maaji,YOGA,default,Colombia,,SUMMER,Colombia,WOMENS LAYER 50% COTTON 50% MODAL KNIT,ACTIVE,ACTIVE,SCENT DIP DYE GRAY,,WOMEN,ACTIVE,active,2018,6114300000,1892ALY01-blue
1892ALY02,Style,1892ALY02,active,Maaji,YOGA,default,Colombia,,SUMMER,Colombia,WOMENS LAYER 50% COTTON 50% MODAL KNIT,ACTIVE,ACTIVE,SCENT DIP DYE ORANGE,,WOMEN,ACTIVE,active,2018,6114300000,1892ALY02-red
1892ALY03,Style,1892ALY03,active,Maaji,DANCE,default,Colombia,,SUMMER,Colombia,WOMENS LAYER 50% COTTON 50% MODAL KNIT,ACTIVE,ACTIVE,SCENT DIP DYE LILAC,,WOMEN,ACTIVE,active,2018,6114300000,1892ALY03-green
1520SFH03,Style,1520SFH03,active,Maaji,WOMENS FIXED HALTER,default,Colombia,,SUMMER,Colombia,WOMENS TOP SWIMWEAR ONE PIECE 88% NYLON 12% SPANDEX KNIT,SWIMWEAR,SWIMWEAR,SHIMMERING COGNAC SWIRL,,WOMEN,SWIMWEAR,active,2018,6112410000,1520SFH03-red
1932SAC02,Style,1932SAC02,active,Maaji,WOMENS HIPSTER CUT,default,Colombia,,SUMMER,Colombia,WOMENS BOTTOM SWIMWEAR ONE PIECE 52% NYLON 35% POLYESTER 13% SPANDEX KNIT,SWIMWEAR,SWIMWEAR,DOLCE VELOCE,,WOMEN,SWIMWEAR,active,2018,6112410000,1932SAC02-orange
1932SBC02,Style,1932SBC02,active,Maaji,WOMENS SIGNATURE CUT,default,Colombia,,SUMMER,Colombia,WOMENS BOTTOM SWIMWEAR ONE PIECE 52% NYLON 35% POLYESTER 13% SPANDEX KNIT,SWIMWEAR,SWIMWEAR,DOLCE VELOCE,,WOMEN,SWIMWEAR,active,2018,6112410000,1932SBC02-orange
1932SFT04,Style,1932SFT04,active,Maaji,WOMENS FIXED TRIANGLE,default,Colombia,,SUMMER,Colombia,WOMENS TOP SWIMWEAR ONE PIECE 89% NYLON 11% SPANDEX KNIT,SWIMWEAR,SWIMWEAR,GULF OF PARIA,,WOMEN,SWIMWEAR,active,2018,6112410000,1932SFT04-black
1932SFT05,Style,1932SFT05,active,Maaji,WOMENS FIXED TRIANGLE,default,Colombia,,SUMMER,Colombia,WOMENS TOP SWIMWEAR ONE PIECE 68% NYLON 23% POLYESTER 9% SPANDEX KNIT,SWIMWEAR,SWIMWEAR,DOLCE VELOCE,,WOMEN,SWIMWEAR,active,2018,6112410000,1932SFT05-orange
1943SAC03,Style,1943SAC03,active,Maaji,WOMENS HIPSTER CUT,default,Colombia,,SUMMER,Colombia,WOMENS BOTTOM SWIMWEAR ONE PIECE 85% NYLON 15% SPANDEX KNIT,SWIMWEAR,SWIMWEAR,NIGHLTY OASIS,,WOMEN,SWIMWEAR,active,2018,6112410000,1943SAC03-black
1943SBC03,Style,1943SBC03,active,Maaji,WOMENS SIGNATURE CUT,default,Colombia,,SUMMER,Colombia,WOMENS BOTTOM SWIMWEAR ONE PIECE 85% NYLON 15% SPANDEX KNIT,SWIMWEAR,SWIMWEAR,NIGHLTY OASIS,,WOMEN,SWIMWEAR,active,2018,6112410000,1943SBC03-black
1943SBC04,Style,1943SBC04,active,Maaji,WOMENS SIGNATURE CUT,default,Colombia,,SUMMER,Colombia,WOMENS BOTTOM SWIMWEAR ONE PIECE 86% NYLON 14% SPANDEX KNIT,SWIMWEAR,SWIMWEAR,SPANISH EXPLORER,,WOMEN,SWIMWEAR,active,2018,6112410000,1943SBC04-black
1943SCC04,Style,1943SCC04,active,Maaji,WOMENS CHEEKY CUT,default,Colombia,,SUMMER,Colombia,WOMENS BOTTOM SWIMWEAR ONE PIECE 86% NYLON 14% SPANDEX KNIT,SWIMWEAR,SWIMWEAR,SPANISH EXPLORER,,WOMEN,SWIMWEAR,active,2018,6112410000,1943SCC04-black
2021SFA04,Style,2021SFA04,active,Maaji,WOMENS FASHION TOP,default,Colombia,,SUMMER,Colombia,WOMENS TOP SWIMWEAR ONE PIECE 56% NYLON 34% POLYESTER 10% SPANDEX KNIT,SWIMWEAR,SWIMWEAR,SUNDOWN SOCIETY,,WOMEN,SWIMWEAR,active,2018,6112410000,2021SFA04-orange
2023SBC01,Style,2023SBC01,active,Maaji,WOMENS SIGNATURE CUT,default,Colombia,,SUMMER,Colombia,WOMENS BOTTOM SWIMWEAR ONE PIECE 52% NYLON 35% POLYESTER 13% SPANDEX KNIT,SWIMWEAR,SWIMWEAR,TEMPO DUSK,,WOMEN,SWIMWEAR,active,2018,6112410000,2023SBC01-orange
2023SCC01,Style,2023SCC01,active,Maaji,WOMENS CHEEKY CUT,default,Colombia,,SUMMER,Colombia,WOMENS BOTTOM SWIMWEAR ONE PIECE 52% NYLON 35% POLYESTER 13% SPANDEX KNIT,SWIMWEAR,SWIMWEAR,TEMPO DUSK,,WOMEN,SWIMWEAR,active,2018,6112410000,2023SCC01-orange
2024SAC05,Style,2024SAC05,active,Maaji,WOMENS HIPSTER CUT,default,Colombia,,SUMMER,Colombia,WOMENS BOTTOM SWIMWEAR ONE PIECE 85% NYLON 15% SPANDEX KNIT,SWIMWEAR,SWIMWEAR,CORAL REEF TOUCAN,,WOMEN,SWIMWEAR,active,2018,6112410000,2024SAC05-red
2024SBC05,Style,2024SBC05,active,Maaji,WOMENS SIGNATURE CUT,default,Colombia,,SUMMER,Colombia,WOMENS BOTTOM SWIMWEAR ONE PIECE 85% NYLON 15% SPANDEX KNIT,SWIMWEAR,SWIMWEAR,CORAL REEF TOUCAN,,WOMEN,SWIMWEAR,active,2018,6112410000,2024SBC05-red
2033SUN04,Style,2033SUN04,active,Maaji,WOMENS UNDERWIRE,default,Colombia,,SUMMER,Colombia,WOMENS BOTTOM SWIMWEAR ONE PIECE 91% NYLON 9% SPANDEX KNIT,SWIMWEAR,SWIMWEAR,NIGHLTY OASIS,,WOMEN,SWIMWEAR,active,2018,6112410000,2033SUN04-black
2041SAC07,Style,2041SAC07,active,Maaji,WOMENS HIPSTER CUT,default,Colombia,,SUMMER,Colombia,WOMENS BOTTOM SWIMWEAR ONE PIECE 85% NYLON 15% SPANDEX KNIT,SWIMWEAR,SWIMWEAR,GULF OF PARIA,,WOMEN,SWIMWEAR,active,2018,6112410000,2041SAC07-black
2041SBC07,Style,2041SBC07,active,Maaji,WOMENS SIGNATURE CUT,default,Colombia,,SUMMER,Colombia,WOMENS BOTTOM SWIMWEAR ONE PIECE 85% NYLON 15% SPANDEX KNIT,SWIMWEAR,SWIMWEAR,GULF OF PARIA,,WOMEN,SWIMWEAR,active,2018,6112410000,2041SBC07-black
2041SBC08,Style,2041SBC08,active,Maaji,WOMENS SIGNATURE CUT,default,Colombia,,SUMMER,Colombia,WOMENS BOTTOM SWIMWEAR ONE PIECE 47% NYLON 44% POLYESTER 9% SPANDEX KNIT,SWIMWEAR,SWIMWEAR,BLUE CACIQUE,,WOMEN,SWIMWEAR,active,2018,6112410000,2041SBC08-blue
2041SCC08,Style,2041SCC08,active,Maaji,WOMENS CHEEKY CUT,default,Colombia,,SUMMER,Colombia,WOMENS BOTTOM SWIMWEAR ONE PIECE 47% NYLON 44% POLYESTER 9% SPANDEX KNIT,SWIMWEAR,SWIMWEAR,BLUE CACIQUE,,WOMEN,SWIMWEAR,active,2018,6112410000,2041SCC08-blue
2043SAC07,Style,2043SAC07,active,Maaji,WOMENS HIPSTER CUT,default,Colombia,,SUMMER,Colombia,WOMENS BOTTOM SWIMWEAR ONE PIECE 51% NYLON 39% POLYESTER 10% SPANDEX KNIT,SWIMWEAR,SWIMWEAR,RALLY RACERS,,WOMEN,SWIMWEAR,active,2018,6112410000,2043SAC07-blue
2043SAC08,Style,2043SAC08,active,Maaji,WOMENS HIPSTER CUT,default,Colombia,,SUMMER,Colombia,WOMENS BOTTOM SWIMWEAR ONE PIECE 93% NYLON 7% SPANDEX KNIT,SWIMWEAR,SWIMWEAR,HIDDEN LAGOON,,WOMEN,SWIMWEAR,active,2018,6112410000,2043SAC08-blue
2043SBC05,Style,2043SBC05,active,Maaji,WOMENS SIGNATURE CUT,default,Colombia,,SUMMER,Colombia,WOMENS BOTTOM SWIMWEAR ONE PIECE 86% NYLON 14% SPANDEX KNIT,SWIMWEAR,SWIMWEAR,GUAJIRA PARK,,WOMEN,SWIMWEAR,active,2018,6112410000,2043SBC05-red
2043SBC07,Style,2043SBC07,active,Maaji,WOMENS SIGNATURE CUT,default,Colombia,,SUMMER,Colombia,WOMENS BOTTOM SWIMWEAR ONE PIECE 51% NYLON 39% POLYESTER 10% SPANDEX KNIT,SWIMWEAR,SWIMWEAR,RALLY RACERS,,WOMEN,SWIMWEAR,active,2018,6112410000,2043SBC07-blue
2043SBC08,Style,2043SBC08,active,Maaji,WOMENS SIGNATURE CUT,default,Colombia,,SUMMER,Colombia,WOMENS BOTTOM SWIMWEAR ONE PIECE 93% NYLON 7% SPANDEX KNIT,SWIMWEAR,SWIMWEAR,HIDDEN LAGOON,,WOMEN,SWIMWEAR,active,2018,6112410000,2043SBC08-blue
2043SCC05,Style,2043SCC05,active,Maaji,WOMENS CHEEKY CUT,default,Colombia,,SUMMER,Colombia,WOMENS BOTTOM SWIMWEAR ONE PIECE 86% NYLON 14% SPANDEX KNIT,SWIMWEAR,SWIMWEAR,GUAJIRA PARK,,WOMEN,SWIMWEAR,active,2018,6112410000,2043SCC05-red
2047SBC05,Style,2047SBC05,active,Maaji,WOMENS SIGNATURE CUT,default,Colombia,,SUMMER,Colombia,WOMENS BOTTOM SWIMWEAR ONE PIECE 85% NYLON 15% SPANDEX KNIT,SWIMWEAR,SWIMWEAR,PEARL PROVINCE,,WOMEN,SWIMWEAR,active,2018,6112410000,2047SBC05-black
2047SCC05,Style,2047SCC05,active,Maaji,WOMENS CHEEKY CUT,default,Colombia,,SUMMER,Colombia,WOMENS BOTTOM SWIMWEAR ONE PIECE 85% NYLON 15% SPANDEX KNIT,SWIMWEAR,SWIMWEAR,PEARL PROVINCE,,WOMEN,SWIMWEAR,active,2018,6112410000,2047SCC05-black
2047SHN03,Style,2047SHN03,active,Maaji,WOMENS HIGH NECK,default,Colombia,,SUMMER,Colombia,WOMENS TOP SWIMWEAR ONE PIECE 85% NYLON 15% SPANDEX KNIT,SWIMWEAR,SWIMWEAR,CORAL REEF TOUCAN,,WOMEN,SWIMWEAR,active,2018,6112410000,2047SHN03-red
2050SBC01,Style,2050SBC01,active,Maaji,WOMENS SIGNATURE CUT,default,Colombia,,SUMMER,Colombia,WOMENS BOTTOM SWIMWEAR ONE PIECE 85% NYLON 15% SPANDEX KNIT,SWIMWEAR,SWIMWEAR,BUMPY ROADS,,WOMEN,SWIMWEAR,active,2018,6112410000,2050SBC01-black
2050SDC01,Style,2050SDC01,active,Maaji,WOMENS CHI CHI CUT,default,Colombia,,SUMMER,Colombia,WOMENS BOTTOM SWIMWEAR ONE PIECE 85% NYLON 15% SPANDEX KNIT,SWIMWEAR,SWIMWEAR,BUMPY ROADS,,WOMEN,SWIMWEAR,active,2018,6112410000,2050SDC01-black
2050SSE01,Style,2050SSE01,active,Maaji,WOMENS SLIDING TRIANGLE,default,Colombia,,SUMMER,Colombia,WOMENS TOP SWIMWEAR ONE PIECE 88% NYLON 12% SPANDEX KNIT,SWIMWEAR,SWIMWEAR,BUMPY ROADS,,WOMEN,SWIMWEAR,active,2018,6112410000,2050SSE01-black
2061SBC02,Style,2061SBC02,active,Maaji,WOMENS SIGNATURE CUT,default,Colombia,,SUMMER,Colombia,WOMENS BOTTOM SWIMWEAR ONE PIECE 85% NYLON 15% SPANDEX KNIT,SWIMWEAR,SWIMWEAR,FLOWERY KNOTS,,WOMEN,SWIMWEAR,active,2018,6112410000,2061SBC02-red
2061SBC03,Style,2061SBC03,active,Maaji,WOMENS SIGNATURE CUT,default,Colombia,,SUMMER,Colombia,WOMENS BOTTOM SWIMWEAR ONE PIECE 86% NYLON 14% SPANDEX KNIT,SWIMWEAR,SWIMWEAR,GARDEN PILOT,,WOMEN,SWIMWEAR,active,2018,6112410000,2061SBC03-black
2061SBC04,Style,2061SBC04,active,Maaji,WOMENS SIGNATURE CUT,default,Colombia,,SUMMER,Colombia,WOMENS BOTTOM SWIMWEAR ONE PIECE 93% NYLON 7% SPANDEX KNIT,SWIMWEAR,SWIMWEAR,AMERICAN FLAMINGOS,,WOMEN,SWIMWEAR,active,2018,6112410000,2061SBC04-blue
2061SBC05,Style,2061SBC05,active,Maaji,WOMENS SIGNATURE CUT,default,Colombia,,SUMMER,Colombia,WOMENS BOTTOM SWIMWEAR ONE PIECE 85% NYLON 15% SPANDEX KNIT,SWIMWEAR,SWIMWEAR,SUNNY RIDES,,WOMEN,SWIMWEAR,active,2018,6112410000,2061SBC05-blue
2061SCC02,Style,2061SCC02,active,Maaji,WOMENS CHEEKY CUT,default,Colombia,,SUMMER,Colombia,WOMENS BOTTOM SWIMWEAR ONE PIECE 85% NYLON 15% SPANDEX KNIT,SWIMWEAR,SWIMWEAR,FLOWERY KNOTS,,WOMEN,SWIMWEAR,active,2018,6112410000,2061SCC02-red
2061SCC03,Style,2061SCC03,active,Maaji,WOMENS CHEEKY CUT,default,Colombia,,SUMMER,Colombia,WOMENS BOTTOM SWIMWEAR ONE PIECE 86% NYLON 14% SPANDEX KNIT,SWIMWEAR,SWIMWEAR,GARDEN PILOT,,WOMEN,SWIMWEAR,active,2018,6112410000,2061SCC03-black
2061SCC04,Style,2061SCC04,active,Maaji,WOMENS CHEEKY CUT,default,Colombia,,SUMMER,Colombia,WOMENS BOTTOM SWIMWEAR ONE PIECE 93% NYLON 7% SPANDEX KNIT,SWIMWEAR,SWIMWEAR,AMERICAN FLAMINGOS,,WOMEN,SWIMWEAR,active,2018,6112410000,2061SCC04-blue
2061SDC05,Style,2061SDC05,active,Maaji,WOMENS CHI CHI CUT,default,Colombia,,SUMMER,Colombia,WOMENS BOTTOM SWIMWEAR ONE PIECE 85% NYLON 15% SPANDEX KNIT,SWIMWEAR,SWIMWEAR,SUNNY RIDES,,WOMEN,SWIMWEAR,active,2018,6112410000,2061SDC05-blue
2062SBC09,Style,2062SBC09,active,Maaji,WOMENS SIGNATURE CUT,default,Colombia,,SUMMER,Colombia,WOMENS BOTTOM SWIMWEAR ONE PIECE 85% NYLON 15% SPANDEX KNIT,SWIMWEAR,SWIMWEAR,CURUBA TROPICA,,WOMEN,SWIMWEAR,active,2018,6112410000,2062SBC09-red
2062SBC10,Style,2062SBC10,active,Maaji,WOMENS SIGNATURE CUT,default,Colombia,,SUMMER,Colombia,WOMENS BOTTOM SWIMWEAR ONE PIECE 92% NYLON 8% SPANDEX KNIT,SWIMWEAR,SWIMWEAR,ARAWAKS ROCKS,,WOMEN,SWIMWEAR,active,2018,6112410000,2062SBC10-blue
2062SBC11,Style,2062SBC11,active,Maaji,WOMENS SIGNATURE CUT,default,Colombia,,SUMMER,Colombia,WOMENS BOTTOM SWIMWEAR ONE PIECE 51% NYLON 39% POLYESTER 10% SPANDEX KNIT,SWIMWEAR,SWIMWEAR,WHEELS AND FRILLS,,WOMEN,SWIMWEAR,active,2018,6112410000,2062SBC11-blue
2062SBC12,Style,2062SBC12,active,Maaji,WOMENS SIGNATURE CUT,default,Colombia,,SUMMER,Colombia,WOMENS BOTTOM SWIMWEAR ONE PIECE 84% NYLON 16% SPANDEX KNIT,SWIMWEAR,SWIMWEAR,CURUBA HIBISCUS,,WOMEN,SWIMWEAR,active,2018,6112410000,2062SBC12-orange
2062SCC09,Style,2062SCC09,active,Maaji,WOMENS CHEEKY CUT,default,Colombia,,SUMMER,Colombia,WOMENS BOTTOM SWIMWEAR ONE PIECE 85% NYLON 15% SPANDEX KNIT,SWIMWEAR,SWIMWEAR,CURUBA TROPICA,,WOMEN,SWIMWEAR,active,2018,6112410000,2062SCC09-red
2062SCC11,Style,2062SCC11,active,Maaji,WOMENS CHEEKY CUT,default,Colombia,,SUMMER,Colombia,WOMENS BOTTOM SWIMWEAR ONE PIECE 51% NYLON 39% POLYESTER 10% SPANDEX KNIT,SWIMWEAR,SWIMWEAR,WHEELS AND FRILLS,,WOMEN,SWIMWEAR,active,2018,6112410000,2062SCC11-blue
2062SCC12,Style,2062SCC12,active,Maaji,WOMENS CHEEKY CUT,default,Colombia,,SUMMER,Colombia,WOMENS BOTTOM SWIMWEAR ONE PIECE 84% NYLON 16% SPANDEX KNIT,SWIMWEAR,SWIMWEAR,CURUBA HIBISCUS,,WOMEN,SWIMWEAR,active,2018,6112410000,2062SCC12-orange
2062SDC10,Style,2062SDC10,active,Maaji,WOMENS CHI CHI CUT,default,Colombia,,SUMMER,Colombia,WOMENS BOTTOM SWIMWEAR ONE PIECE 92% NYLON 8% SPANDEX KNIT,SWIMWEAR,SWIMWEAR,ARAWAKS ROCKS,,WOMEN,SWIMWEAR,active,2018,6112410000,2062SDC10-blue
2110SBC03,Style,2110SBC03,active,Maaji,WOMENS SIGNATURE CUT,default,Colombia,,SUMMER,Colombia,WOMENS BOTTOM SWIMWEAR ONE PIECE 47% NYLON 44% POLYESTER 9% SPANDEX KNIT,SWIMWEAR,SWIMWEAR,SUNDOWN SOCIETY,,WOMEN,SWIMWEAR,active,2018,6112410000,2110SBC03-orange
2110SDC03,Style,2110SDC03,active,Maaji,WOMENS CHI CHI CUT,default,Colombia,,SUMMER,Colombia,WOMENS BOTTOM SWIMWEAR ONE PIECE 47% NYLON 44% POLYESTER 9% SPANDEX KNIT,SWIMWEAR,SWIMWEAR,SUNDOWN SOCIETY,,WOMEN,SWIMWEAR,active,2018,6112410000,2110SDC03-orange
2112SFA02,Style,2112SFA02,active,Maaji,WOMENS FASHION TOP,default,Colombia,,SUMMER,Colombia,WOMENS TOPSWIMWEAR ONEPIECE 50%NYLON 39%POLYESTER 9%SPANDEX 1%PET 1%ACRYLIC KNIT,SWIMWEAR,SWIMWEAR,BLUE CACIQUE,,WOMEN,SWIMWEAR,active,2018,6112410000,2112SFA02-blue
2114SAC03,Style,2114SAC03,active,Maaji,WOMENS HIPSTER CUT,default,Colombia,,SUMMER,Colombia,WOMENS BOTTOM SWIMWEAR ONE PIECE 86% NYLON 14% SPANDEX KNIT,SWIMWEAR,SWIMWEAR,WAYUU ALLURE,,WOMEN,SWIMWEAR,active,2018,6112410000,2114SAC03-red
2114SBC03,Style,2114SBC03,active,Maaji,WOMENS SIGNATURE CUT,default,Colombia,,SUMMER,Colombia,WOMENS BOTTOM SWIMWEAR ONE PIECE 86% NYLON 14% SPANDEX KNIT,SWIMWEAR,SWIMWEAR,WAYUU ALLURE,,WOMEN,SWIMWEAR,active,2018,6112410000,2114SBC03-red
2119SOH02,Style,2119SOH02,active,Maaji,WOMENS ONE PIECE/HIGH RISE,default,Colombia,,SUMMER,Colombia,WOMENS SWIMWEAR ONE PIECE 86% NYLON 14% SPANDEX KNIT,SWIMWEAR,SWIMWEAR,RIOHACHA VILLAGE,,WOMEN,SWIMWEAR,active,2018,6112410000,2119SOH02-blue
2119SOR02,Style,2119SOR02,active,Maaji,WOMENS ONE PIECE/REGULAR RISE,default,Colombia,,SUMMER,Colombia,WOMENS SWIMWEAR ONE PIECE 86% NYLON 14% SPANDEX KNIT,SWIMWEAR,SWIMWEAR,RIOHACHA VILLAGE,,WOMEN,SWIMWEAR,active,2018,6112410000,2119SOR02-blue
2122SOB02,Style,2122SOB02,active,Maaji,WOMENS SURFER ONE PIECE/SIGNATURE CUT,default,Colombia,,SUMMER,Colombia,WOMENS SWIMWEAR ONE PIECE 87% NYLON 13% SPANDEX KNIT,SWIMWEAR,SWIMWEAR,PUNTA BAY,,WOMEN,SWIMWEAR,active,2018,6112410000,2122SOB02-black
2122SOC02,Style,2122SOC02,active,Maaji,WOMENS SURFER ONE PIECE/SIGNATURE CUT,default,Colombia,,SUMMER,Colombia,WOMENS SWIMWEAR ONE PIECE 87% NYLON 13% SPANDEX KNIT,SWIMWEAR,SWIMWEAR,PUNTA BAY,,WOMEN,SWIMWEAR,active,2018,6112410000,2122SOC02-black
2131SUN02,Style,2131SUN02,active,Maaji,WOMENS UNDERWIRE,default,Colombia,,SUMMER,Colombia,WOMENS TOP SWIMWEAR ONE PIECE 88% NYLON 12% SPANDEX KNIT,SWIMWEAR,SWIMWEAR,CURUBA TROPICA,,WOMEN,SWIMWEAR,active,2018,6112410000,2131SUN02-red
2131SUN03,Style,2131SUN03,active,Maaji,WOMENS UNDERWIRE,default,Colombia,,SUMMER,Colombia,WOMENS TOP SWIMWEAR ONE PIECE 87% NYLON 13% SPANDEX KNIT,SWIMWEAR,SWIMWEAR,CURUBA HIBISCUS,,WOMEN,SWIMWEAR,active,2018,6112410000,2131SUN03-orange
2135SSF03,Style,2135SSF03,active,Maaji,WOMENS SURF SHORTS,default,Colombia,,SUMMER,Colombia,WOMENS SHORT 92% NYLON 8% SPANDEX KNIT,SWIMWEAR,SWIMWEAR,DAHLIA JUNGLE,,WOMEN,SWIMWEAR,active,2018,6104630000,2135SSF03-red
2153SUN02,Style,2153SUN02,active,Maaji,WOMENS UNDERWIRE,default,Colombia,,SUMMER,Colombia,WOMENS TOP SWIMWEAR ONE PIECE 90% NYLON 10% SPANDEX KNIT,SWIMWEAR,SWIMWEAR,GUAJIRA PARK,,WOMEN,SWIMWEAR,active,2018,6112410000,2153SUN02-red
2161SFA02,Style,2161SFA02,active,Maaji,WOMENS FASHION TOP,default,Colombia,,SUMMER,Colombia,WOMENS TOP SWIMWEAR ONE PIECE 86% NYLON 14% SPANDEX KNIT,SWIMWEAR,SWIMWEAR,AFTERLIFE ISLAND,,WOMEN,SWIMWEAR,active,2018,6112410000,2161SFA02-black
2162SFA02,Style,2162SFA02,active,Maaji,WOMENS FASHION TOP,default,Colombia,,SUMMER,Colombia,WOMENS TOP SWIMWEAR ONE PIECE 82% NYLON 18% SPANDEX KNIT,SWIMWEAR,SWIMWEAR,ARAWAKS ROCKS,,WOMEN,SWIMWEAR,active,2018,6112410000,2162SFA02-blue
2164SRA02,Style,2164SRA02,active,Maaji,WOMENS RASHGUARD,default,Colombia,,SUMMER,Colombia,WOMENS RASHGUARD 92% NYLON 8% SPANDEX KNIT,SWIMWEAR,SWIMWEAR,MEDITERRANEAN BLUE DIVER,,WOMEN,SWIMWEAR,active,2018,6110309000,2164SRA02-blue
2166SOH01,Style,2166SOH01,active,Maaji,WOMENS ONE PIECE/HIGH RISE,default,Colombia,,SUMMER,Colombia,WOMENS SWIMWEAR ONE PIECE 85%NYLON 12%SPANDEX 1% POLYESTER 1%PET 1%ACRYLIC KNIT,SWIMWEAR,SWIMWEAR,CAPE LA VELA,,WOMEN,SWIMWEAR,active,2018,6112410000,2166SOH01-red
2166SOR01,Style,2166SOR01,active,Maaji,WOMENS ONE PIECE/REGULAR RISE,default,Colombia,,SUMMER,Colombia,WOMENS SWIMWEAR ONE PIECE 85%NYLON 12%SPANDEX 1% POLYESTER 1%PET 1%ACRYLIC KNIT,SWIMWEAR,SWIMWEAR,CAPE LA VELA,,WOMEN,SWIMWEAR,active,2018,6112410000,2166SOR01-red
2167SFT01,Style,2167SFT01,active,Maaji,WOMENS FIXED TRIANGLE,default,Colombia,,SUMMER,Colombia,WOMENS TOP SWIMWEAR ONE PIECE 85% NYLON 15% SPANDEX KNIT,SWIMWEAR,SWIMWEAR,RED LEAVES,,WOMEN,SWIMWEAR,active,2018,6112410000,2167SFT01-red
2168SBC01,Style,2168SBC01,active,Maaji,WOMENS SIGNATURE CUT,default,Colombia,,SUMMER,Colombia,WOMENS BOTTOM SWIMWEAR ONE PIECE 83% NYLON 17% SPANDEX KNIT,SWIMWEAR,SWIMWEAR,RED LEAVES,,WOMEN,SWIMWEAR,active,2018,6112410000,2168SBC01-red
2168SBC02,Style,2168SBC02,active,Maaji,WOMENS SIGNATURE CUT,default,Colombia,,SUMMER,Colombia,WOMENS BOTTOM SWIMWEAR ONE PIECE 83% NYLON 17% SPANDEX KNIT,SWIMWEAR,SWIMWEAR,OASIS GARDEN,,WOMEN,SWIMWEAR,active,2018,6112410000,2168SBC02-orange
2168SCC01,Style,2168SCC01,active,Maaji,WOMENS CHEEKY CUT,default,Colombia,,SUMMER,Colombia,WOMENS BOTTOM SWIMWEAR ONE PIECE 83% NYLON 17% SPANDEX KNIT,SWIMWEAR,SWIMWEAR,RED LEAVES,,WOMEN,SWIMWEAR,active,2018,6112410000,2168SCC01-red
2168SDC02,Style,2168SDC02,active,Maaji,WOMENS CHI CHI CUT,default,Colombia,,SUMMER,Colombia,WOMENS BOTTOM SWIMWEAR ONE PIECE 83% NYLON 17% SPANDEX KNIT,SWIMWEAR,SWIMWEAR,OASIS GARDEN,,WOMEN,SWIMWEAR,active,2018,6112410000,2168SDC02-orange
2169SBA01,Style,2169SBA01,active,Maaji,WOMENS BANDEAU,default,Colombia,,SUMMER,Colombia,WOMENS TOP SWIMWEAR ONE PIECE 88% NYLON 12% SPANDEX KNIT,SWIMWEAR,SWIMWEAR,FLOWERY KNOTS,,WOMEN,SWIMWEAR,active,2018,6112410000,2169SBA01-red
2170SSE01,Style,2170SSE01,active,Maaji,WOMENS SLIDING TRIANGLE,default,Colombia,,SUMMER,Colombia,WOMENS TOP SWIMWEAR ONE PIECE 89% NYLON 11% SPANDEX KNIT,SWIMWEAR,SWIMWEAR,ANDALUSIA FRILLS,,WOMEN,SWIMWEAR,active,2018,6112410000,2170SSE01-red
2171SFH01,Style,2171SFH01,active,Maaji,WOMENS FIXED HALTER,default,Colombia,,SUMMER,Colombia,WOMENS TOP SWIMWEAR ONE PIECE 83% NYLON 17% SPANDEX KNIT,SWIMWEAR,SWIMWEAR,WAYUU ALLURE,,WOMEN,SWIMWEAR,active,2018,6112410000,2171SFH01-red
2172SBC01,Style,2172SBC01,active,Maaji,WOMENS SIGNATURE CUT,default,Colombia,,SUMMER,Colombia,WOMENS BOTTOM SWIMWEAR ONE PIECE 87% NYLON 13% SPANDEX KNIT,SWIMWEAR,SWIMWEAR,ANDALUSIA FRILLS,,WOMEN,SWIMWEAR,active,2018,6112410000,2172SBC01-red
2172SDC01,Style,2172SDC01,active,Maaji,WOMENS CHI CHI CUT,default,Colombia,,SUMMER,Colombia,WOMENS BOTTOM SWIMWEAR ONE PIECE 87% NYLON 13% SPANDEX KNIT,SWIMWEAR,SWIMWEAR,ANDALUSIA FRILLS,,WOMEN,SWIMWEAR,active,2018,6112410000,2172SDC01-red
2173SFA01,Style,2173SFA01,active,Maaji,WOMENS FASHION TOP,default,Colombia,,SUMMER,Colombia,WOMENS TOP SWIMWEAR ONE PIECE 85% NYLON 15% SPANDEX KNIT,SWIMWEAR,SWIMWEAR,SPANISH EXPLORER,,WOMEN,SWIMWEAR,active,2018,6112410000,2173SFA01-black
2174SLT01,Style,2174SLT01,active,Maaji,WOMENS LONG LINE FIXED TRIANGLE,default,Colombia,,SUMMER,Colombia,WOMENS TOP SWIMWEAR ONE PIECE 87% NYLON 13% SPANDEX KNIT,SWIMWEAR,SWIMWEAR,GARDEN PILOT,,WOMEN,SWIMWEAR,active,2018,6112410000,2174SLT01-black
2175SFA01,Style,2175SFA01,active,Maaji,WOMENS FASHION TOP,default,Colombia,,SUMMER,Colombia,WOMENS TOP SWIMWEAR ONE PIECE 74% NYLON 18% POLYESTER 8% SPANDEX KNIT,SWIMWEAR,SWIMWEAR,PEARL PROVINCE,,WOMEN,SWIMWEAR,active,2018,6112410000,2175SFA01-black
2176SRA01,Style,2176SRA01,active,Maaji,WOMENS RASHGUARD,default,Colombia,,SUMMER,Colombia,WOMENS RASHGUARD 92% NYLON 8% SPANDEX KNIT,SWIMWEAR,SWIMWEAR,MYSTERY FOUNTAIN,,WOMEN,SWIMWEAR,active,2018,6110309000,2176SRA01-black
2177SFA01,Style,2177SFA01,active,Maaji,WOMENS FASHION TOP,default,Colombia,,SUMMER,Colombia,WOMENS TOP SWIMWEAR ONE PIECE 49% NYLON 37% POLYESTER 14% SPANDEX KNIT,SWIMWEAR,SWIMWEAR,RALLY RACERS,,WOMEN,SWIMWEAR,active,2018,6112410000,2177SFA01-blue
2178SUN01,Style,2178SUN01,active,Maaji,WOMENS UNDERWIRE,default,Colombia,,SUMMER,Colombia,WOMENS TOP SWIMWEAR ONE PIECE 93% NYLON 7% SPANDEX KNIT,SWIMWEAR,SWIMWEAR,HIDDEN LAGOON,,WOMEN,SWIMWEAR,active,2018,6112410000,2178SUN01-blue
2179SSE01,Style,2179SSE01,active,Maaji,WOMENS SLIDING TRIANGLE,default,Colombia,,SUMMER,Colombia,WOMENS TOP SWIMWEAR ONE PIECE 83% NYLON 17% SPANDEX KNIT,SWIMWEAR,SWIMWEAR,SUNNY RIDES,,WOMEN,SWIMWEAR,active,2018,6112410000,2179SSE01-blue
2180SFT01,Style,2180SFT01,active,Maaji,WOMENS FIXED TRIANGLE,default,Colombia,,SUMMER,Colombia,WOMENS TOP SWIMWEAR ONE PIECE 93% NYLON 7% SPANDEX KNIT,SWIMWEAR,SWIMWEAR,AMERICAN FLAMINGOS,,WOMEN,SWIMWEAR,active,2018,6112410000,2180SFT01-blue
2181SBA01,Style,2181SBA01,active,Maaji,WOMENS BANDEAU,default,Colombia,,SUMMER,Colombia,WOMENS TOP SWIMWEAR ONE PIECE 54% NYLON 30% POLYESTER 16% SPANDEX KNIT,SWIMWEAR,SWIMWEAR,WHEELS AND FRILLS,,WOMEN,SWIMWEAR,active,2018,6112410000,2181SBA01-blue
2182SOH01,Style,2182SOH01,active,Maaji,WOMENS ONE PIECE/HIGH RISE,default,Colombia,,SUMMER,Colombia,WOMENS SWIMWEAR ONE PIECE 92% NYLON 8% SPANDEX KNIT,SWIMWEAR,SWIMWEAR,DESERT COMMAND,,WOMEN,SWIMWEAR,active,2018,6112410000,2182SOH01-orange
