lv1_code,product_class_name,name,status,attribute.saya_product_status.string,brand,attribute.country_of_origin.string,attribute.co_online.boolean,attribute.us_online.boolean,attribute.cup_size.single_option,attribute.delivery_returns.text,attribute.deliveryreturns.html,attribute.description.html,attribute.dw_size_code.single_option,attribute.fabric_care.text,attribute.online_description.html,attribute.online_name.string,attribute.page_description.text,attribute.page_keywords.string,attribute.url.string,attribute.short_description.html,attribute.size_fit.text,attribute.tax_class.string,attribute.saya_collection.single_option,attribute.saya_country.single_option,attribute.saya_group.single_option,attribute.saya_long_description.html,attribute.saya_product_department.single_option,attribute.saya_season.single_option,image.1.url,image.1.description,image.1.is_primary,image.1.tag_list,image.2.url,image.2.description,image.2.is_primary,image.2.tag_list,image.3.url,image.3.description,image.3.is_primary,image.3.tag_list,image.4.url,image.4.description,image.4.is_primary,image.4.tag_list,image.5.url,image.5.description,image.5.is_primary,image.5.tag_list,image.6.url,image.6.description,image.6.is_primary,image.6.tag_list,image.7.url,image.7.description,image.7.is_primary,image.7.tag_list,image.8.url,image.8.description,image.8.is_primary,image.8.tag_list,group_member_code
3045SFT01-JUNEBERRY FLIRT,Sets,JUNEBERRY DELIGHTFUL-JUNEBERRY FLIRT,active,active,Maaji,Colombia,1,1,,"Delivery
FREE POSTAGE within COLOMBIA for orders over COP$250.000. Orders under 
COP$250.000 will incur a shipping fee.
Delivery times are dependent on your location but are typically 2-3 
working days. Regional areas outside of metro areas, typically add
an additional day to delivery estimates. 

Returns
Returns and exchanges are accepted on merchandise within 30 
days of receipt. The product must be returned in original condition. Worn, washed
or otherwise used products will not be accepted. All products must also have the 
original tags and hygienic protection sticker intact. Original shipping charges will not 
be refunded unless the return items are deemed defective. Our Returns Policy is in 
addition to your rights under the Colombian Consumer Law.","<p><b>Delivery</b>
<br/>FREE POSTAGE within COLOMBIA for orders over COP $250.000. Orders under COP $250.000 will incur a shipping fee.
Delivery times are dependent on your location but are typically 2-3 working days. Regional areas outside of metro areas, typically add an additional day to delivery estimates.</p>
<br/>
</p><b>Returns</b>
<br/>Returns and exchanges are accepted on merchandise within 30 
days of receipt. The product must be returned in original condition. Worn, washed or otherwise used products will not be accepted. All products must also have the original tags and hygienic protection sticker intact. Original shipping charges will not be refunded unless the return items are deemed defective. Our Returns Policy is in addition to your rights under the Colombian Consumer Law.</p>",<h4>JUNEBERRY DELIGHTFUL-JUNEBERRY FLIRT</h4>,,<h3>TOP</h3><p>Cold hand wash<br/>Always rinse away salt or chlorine<br/>Lay flat to dry<br/>Avoid rough surfaces</p><h3>BOTTOM</h3><p>Cold hand wash<br/>Always rinse away salt or chlorine<br/>Lay flat to dry<br/>Avoid rough surfaces</p>,<h3>TOP</h3><p>Reversible<br/>Fixed Triangle top<br/>Ruffles detail<br/>Removable soft pads<br/>Back Clip Closure<br/>Demi coverage at front<br/>Made in Colombia</p><h3>BOTTOM</h3><p>Reversible<br/>Seamless<br/>Low Rise<br/>Moderate coverage <br/>Made in Colombia</p>,JUNEBERRY DELIGHTFUL-JUNEBERRY FLIRT,"TOP:
Reversible
Fixed Triangle top
Ruffles detail
Removable soft pads
Back Clip Closure
Demi coverage at front
Made in Colombia

BOTTOM: 
Reversible
Seamless
Low Rise 
Moderate coverage 
Made in Colombia",,,,Our model wears an Colombian size S,,SPRING 2018,COLOMBIA,,<h4>JUNEBERRY DELIGHTFUL-JUNEBERRY FLIRT</h4>,WOMEN,2018,https://res.cloudinary.com/maaji/image/upload/v1528407021/Spring2018/3045SFT01_3039SBC02_purple_3.jpg,3045SFT01_JUNEBERRY_FLIRT,yes,hi-res,https://res.cloudinary.com/maaji/image/upload/v1528407021/Spring2018/3045SFT01_3039SBC02_purple_4.jpg,3045SFT01_JUNEBERRY_FLIRT,no,hi-res,https://res.cloudinary.com/maaji/image/upload/v1528407022/Spring2018/3045SFT01_3039SBC02_purple_5.jpg,3045SFT01_JUNEBERRY_FLIRT,no,hi-res,https://res.cloudinary.com/maaji/image/upload/v1528407023/Spring2018/3045SFT01_3039SBC02_purple_6.jpg,3045SFT01_JUNEBERRY_FLIRT,no,hi-res,,,,,,,,,,,,,,,,,3045SFT01|JUNEBERRY FLIRT
3046SHN01-JUNEBERRY SUBLIME,Sets,JUNEBERRY JAZZY-JUNEBERRY SUBLIME,active,active,Maaji,Colombia,1,1,,"Delivery
FREE POSTAGE within COLOMBIA for orders over COP$250.000. Orders under 
COP$250.000 will incur a shipping fee.
Delivery times are dependent on your location but are typically 2-3 
working days. Regional areas outside of metro areas, typically add
an additional day to delivery estimates. 

Returns
Returns and exchanges are accepted on merchandise within 30 
days of receipt. The product must be returned in original condition. Worn, washed
or otherwise used products will not be accepted. All products must also have the 
original tags and hygienic protection sticker intact. Original shipping charges will not 
be refunded unless the return items are deemed defective. Our Returns Policy is in 
addition to your rights under the Colombian Consumer Law.","<p><b>Delivery</b>
<br/>FREE POSTAGE within COLOMBIA for orders over COP $250.000. Orders under COP $250.000 will incur a shipping fee.
Delivery times are dependent on your location but are typically 2-3 working days. Regional areas outside of metro areas, typically add an additional day to delivery estimates.</p>
<br/>
</p><b>Returns</b>
<br/>Returns and exchanges are accepted on merchandise within 30 
days of receipt. The product must be returned in original condition. Worn, washed or otherwise used products will not be accepted. All products must also have the original tags and hygienic protection sticker intact. Original shipping charges will not be refunded unless the return items are deemed defective. Our Returns Policy is in addition to your rights under the Colombian Consumer Law.</p>",<h4>JUNEBERRY JAZZY-JUNEBERRY SUBLIME</h4>,,<h3>TOP</h3><p>Cold hand wash<br/>Always rinse away salt or chlorine<br/>Lay flat to dry<br/>Avoid rough surfaces</p><h3>BOTTOM</h3><p><p>Cold hand wash<br/>Always rinse away salt or chlorine<br/>Lay flat to dry<br/>Avoid rough surfaces</p></p>,<h3>TOP</h3><p>Reversible<br/>High neck top<br/>Removable soft pads<br/>Adjustable criss cross back<br/>Full coverage at front<br/>Made in Colombia</p><h3>BOTTOM</h3><p>Reversible<br/>Seamless<br/>Low Rise <br/>Moderate coverage<br/>Made in Colombia</p>,JUNEBERRY JAZZY-JUNEBERRY SUBLIME,"TOP:
Removable soft pads
Adjustable criss cross back
Full coverage at front
Made in Colombia

BOTTOM: 
Reversible
Seamless
Low Rise 
Moderate coverage 
Made in Colombia",,,,Our model wears an Colombian size S,,SPRING 2018,COLOMBIA,,<h4>JUNEBERRY JAZZY-JUNEBERRY SUBLIME</h4>,WOMEN,2018,https://res.cloudinary.com/maaji/image/upload/v1528407897/Spring2018/3046SHN01_3007SAC03_purple_3.jpg,3046SHN01_JUNEBERRY_SUBLIME,yes,hi-res,https://res.cloudinary.com/maaji/image/upload/v1528407898/Spring2018/3046SHN01_3007SAC03_purple_4.jpg,3046SHN01_JUNEBERRY_SUBLIME,no,hi-res,https://res.cloudinary.com/maaji/image/upload/v1528407898/Spring2018/3046SHN01_3007SAC03_purple_5.jpg,3046SHN01_JUNEBERRY_SUBLIME,no,hi-res,https://res.cloudinary.com/maaji/image/upload/v1528407899/Spring2018/3046SHN01_3007SAC03_purple_6.jpg,3046SHN01_JUNEBERRY_SUBLIME,no,hi-res,,,,,,,,,,,,,,,,,3046SHN01|JUNEBERRY SUBLIME
3012SFH02-JUNEBERRY FLIRT,Sets,JUNEBERRY ALLURE-JUNEBERRY FLIRT,active,active,Maaji,Colombia,1,1,,"Delivery
FREE POSTAGE within COLOMBIA for orders over COP$250.000. Orders under 
COP$250.000 will incur a shipping fee.
Delivery times are dependent on your location but are typically 2-3 
working days. Regional areas outside of metro areas, typically add
an additional day to delivery estimates. 

Returns
Returns and exchanges are accepted on merchandise within 30 
days of receipt. The product must be returned in original condition. Worn, washed
or otherwise used products will not be accepted. All products must also have the 
original tags and hygienic protection sticker intact. Original shipping charges will not 
be refunded unless the return items are deemed defective. Our Returns Policy is in 
addition to your rights under the Colombian Consumer Law.","<p><b>Delivery</b>
<br/>FREE POSTAGE within COLOMBIA for orders over COP $250.000. Orders under COP $250.000 will incur a shipping fee.
Delivery times are dependent on your location but are typically 2-3 working days. Regional areas outside of metro areas, typically add an additional day to delivery estimates.</p>
<br/>
</p><b>Returns</b>
<br/>Returns and exchanges are accepted on merchandise within 30 
days of receipt. The product must be returned in original condition. Worn, washed or otherwise used products will not be accepted. All products must also have the original tags and hygienic protection sticker intact. Original shipping charges will not be refunded unless the return items are deemed defective. Our Returns Policy is in addition to your rights under the Colombian Consumer Law.</p>",<h4>JUNEBERRY ALLURE-JUNEBERRY FLIRT</h4>,,<h3>TOP</h3><p>Cold hand wash<br/>Always rinse away salt or chlorine<br/>Lay flat to dry<br/>Avoid rough surfaces</p><h3>BOTTOM</h3><p>Cold hand wash<br/>Always rinse away salt or chlorine<br/>Lay flat to dry<br/>Avoid rough surfaces</p>,<h3>TOP</h3><p>Reversible<br/>4 ways top (wear it to back and front)<br/>Halter top<br/>Lace up with tie strings<br/>Removable Soft Pads<br/>Full coverage at front<br/>Made in Colombia</p><h3>BOTTOM</h3><p>Reversible<br/>Seamless<br/>Low Rise<br/>Moderate coverage <br/>Made in Colombia</p>,JUNEBERRY ALLURE-JUNEBERRY FLIRT,"TOP:
4 ways top (wear it to back and front)
Halter top
Lace up with tie strings
Removable Soft Pads
Full coverage at front
Made in Colombia

BOTTOM: 
Reversible
Seamless
Low Rise 
Moderate coverage 
Made in Colombia",,,,Our model wears an Colombian size S,,SPRING 2018,COLOMBIA,,<h4>JUNEBERRY ALLURE-JUNEBERRY FLIRT</h4>,WOMEN,2018,https://res.cloudinary.com/maaji/image/upload/v1528405053/Spring2018/3012SFH02_3039SBC02_purple_3.jpg,3012SFH02_JUNEBERRY_FLIRT,yes,hi-res,https://res.cloudinary.com/maaji/image/upload/v1528405054/Spring2018/3012SFH02_3039SBC02_purple_4.jpg,3012SFH02_JUNEBERRY_FLIRT,no,hi-res,https://res.cloudinary.com/maaji/image/upload/v1528405055/Spring2018/3012SFH02_3039SBC02_purple_5.jpg,3012SFH02_JUNEBERRY_FLIRT,no,hi-res,https://res.cloudinary.com/maaji/image/upload/v1528405057/Spring2018/3012SFH02_3039SBC02_purple_6.jpg,3012SFH02_JUNEBERRY_FLIRT,no,hi-res,https://res.cloudinary.com/maaji/image/upload/v1528405057/Spring2018/3012SFH02_3039SBC02_purple_7.jpg,3012SFH02_JUNEBERRY_FLIRT,no,hi-res,https://res.cloudinary.com/maaji/image/upload/v1528405053/Spring2018/3012SFH02_3039SBC02_purple_8.jpg,3012SFH02_JUNEBERRY_FLIRT,no,hi-res,https://res.cloudinary.com/maaji/image/upload/v1528405058/Spring2018/3012SFH02_3039SBC02_purple_9.jpg,3012SFH02_JUNEBERRY_FLIRT,no,hi-res,https://res.cloudinary.com/maaji/image/upload/v1528405059/Spring2018/3012SFH02_3039SBC02_purple_10.jpg,3012SFH02_JUNEBERRY_FLIRT,no,hi-res,3012SFH02|JUNEBERRY FLIRT
3049SFA01-CINNAMON SUBLIME,Sets,CINNAMON DIVINE-CINNAMON SUBLIME,active,active,Maaji,Colombia,1,1,,"Delivery
FREE POSTAGE within COLOMBIA for orders over COP$250.000. Orders under 
COP$250.000 will incur a shipping fee.
Delivery times are dependent on your location but are typically 2-3 
working days. Regional areas outside of metro areas, typically add
an additional day to delivery estimates. 

Returns
Returns and exchanges are accepted on merchandise within 30 
days of receipt. The product must be returned in original condition. Worn, washed
or otherwise used products will not be accepted. All products must also have the 
original tags and hygienic protection sticker intact. Original shipping charges will not 
be refunded unless the return items are deemed defective. Our Returns Policy is in 
addition to your rights under the Colombian Consumer Law.","<p><b>Delivery</b>
<br/>FREE POSTAGE within COLOMBIA for orders over COP $250.000. Orders under COP $250.000 will incur a shipping fee.
Delivery times are dependent on your location but are typically 2-3 working days. Regional areas outside of metro areas, typically add an additional day to delivery estimates.</p>
<br/>
</p><b>Returns</b>
<br/>Returns and exchanges are accepted on merchandise within 30 
days of receipt. The product must be returned in original condition. Worn, washed or otherwise used products will not be accepted. All products must also have the original tags and hygienic protection sticker intact. Original shipping charges will not be refunded unless the return items are deemed defective. Our Returns Policy is in addition to your rights under the Colombian Consumer Law.</p>",<h4>CINNAMON DIVINE-CINNAMON SUBLIME</h4>,,<h3>TOP</h3><p>Cold hand wash<br/>Always rinse away salt or chlorine<br/>Lay flat to dry<br/>Avoid rough surfaces</p><h3>BOTTOM</h3><p>Cold hand wash<br/>Always rinse away salt or chlorine<br/>Lay flat to dry<br/>Avoid rough surfaces</p>,<h3>TOP</h3><p>Reversible<br/>4 ways top (wear it to back and front)<br/>Removable Soft Pads<br/>Full coverage at front<br/>Made in Colombia</p><h3>BOTTOM</h3><p>Reversible<br/>Seamless<br/>Low Rise <br/>Moderate coverage <br/>Made in Colombia</p>,CINNAMON DIVINE-CINNAMON SUBLIME,"TOP:
Removable Soft Pads
Full coverage at front
Made in Colombia

BOTTOM: 
Reversible
Seamless
Low Rise 
Moderate coverage 
Made in Colombia",,,,Our model wears an Colombian size S,,SPRING 2018,COLOMBIA,,<h4>CINNAMON DIVINE-CINNAMON SUBLIME</h4>,WOMEN,2018,https://res.cloudinary.com/maaji/image/upload/v1528415777/Spring2018/3049SFA01_3007SAC04_red_3.jpg,3049SFA01_CINNAMON_SUBLIME,yes,hi-res,https://res.cloudinary.com/maaji/image/upload/v1528415778/Spring2018/3049SFA01_3007SAC04_red_4.jpg,3049SFA01_CINNAMON_SUBLIME,no,hi-res,https://res.cloudinary.com/maaji/image/upload/v1528415779/Spring2018/3049SFA01_3007SAC04_red_5.jpg,3049SFA01_CINNAMON_SUBLIME,no,hi-res,https://res.cloudinary.com/maaji/image/upload/v1528415780/Spring2018/3049SFA01_3007SAC04_red_6.jpg,3049SFA01_CINNAMON_SUBLIME,no,hi-res,https://res.cloudinary.com/maaji/image/upload/v1528415780/Spring2018/3049SFA01_3007SAC04_red_7.jpg,3049SFA01_CINNAMON_SUBLIME,no,hi-res,https://res.cloudinary.com/maaji/image/upload/v1528415781/Spring2018/3049SFA01_3007SAC04_red_8.jpg,3049SFA01_CINNAMON_SUBLIME,no,hi-res,https://res.cloudinary.com/maaji/image/upload/v1528415782/Spring2018/3049SFA01_3007SAC04_red_9.jpg,3049SFA01_CINNAMON_SUBLIME,no,hi-res,https://res.cloudinary.com/maaji/image/upload/v1528415783/Spring2018/3049SFA01_3007SAC04_red_10.jpg,3049SFA01_CINNAMON_SUBLIME,no,hi-res,3049SFA01|CINNAMON SUBLIME
3047SFH01-CINNAMON SUBLIME,Sets,CINNAMON SANDCASTLE-CINNAMON SUBLIME,active,active,Maaji,Colombia,1,1,,"Delivery
FREE POSTAGE within COLOMBIA for orders over COP$250.000. Orders under 
COP$250.000 will incur a shipping fee.
Delivery times are dependent on your location but are typically 2-3 
working days. Regional areas outside of metro areas, typically add
an additional day to delivery estimates. 

Returns
Returns and exchanges are accepted on merchandise within 30 
days of receipt. The product must be returned in original condition. Worn, washed
or otherwise used products will not be accepted. All products must also have the 
original tags and hygienic protection sticker intact. Original shipping charges will not 
be refunded unless the return items are deemed defective. Our Returns Policy is in 
addition to your rights under the Colombian Consumer Law.","<p><b>Delivery</b>
<br/>FREE POSTAGE within COLOMBIA for orders over COP $250.000. Orders under COP $250.000 will incur a shipping fee.
Delivery times are dependent on your location but are typically 2-3 working days. Regional areas outside of metro areas, typically add an additional day to delivery estimates.</p>
<br/>
</p><b>Returns</b>
<br/>Returns and exchanges are accepted on merchandise within 30 
days of receipt. The product must be returned in original condition. Worn, washed or otherwise used products will not be accepted. All products must also have the original tags and hygienic protection sticker intact. Original shipping charges will not be refunded unless the return items are deemed defective. Our Returns Policy is in addition to your rights under the Colombian Consumer Law.</p>",<h4>CINNAMON SANDCASTLE-CINNAMON SUBLIME</h4>,,<h3>TOP</h3><p>Cold hand wash<br/>Always rinse away salt or chlorine<br/>Lay flat to dry<br/>Avoid rough surfaces</p><h3>BOTTOM</h3><p>Cold hand wash<br/>Always rinse away salt or chlorine<br/>Lay flat to dry<br/>Avoid rough surfaces</p>,<h3>TOP</h3><p>Reversible<br/>Bralette top<br/>Removable soft pads<br/>Criss cross back string with lace up<br/>Pleated on mid-front<br/>Grommet details on back<br/>Full coverage at front<br/>Made in Colombia</p><h3>BOTTOM</h3><p>Reversible<br/>Seamless<br/>Low Rise <br/>Moderate coverage <br/>Made in Colombia</p>,CINNAMON SANDCASTLE-CINNAMON SUBLIME,"TOP:
Reversible
Bralette top
Removable soft pads
Criss cross back string with lace up
Pleated on mid-front
Grommet details on back
Full coverage at front
Made in Colombia

BOTTOM: 
Reversible
Seamless
Low Rise 
Moderate coverage 
Made in Colombia",,,,Our model wears an Colombian size S,,SPRING 2018,COLOMBIA,,<h4>CINNAMON SANDCASTLE-CINNAMON SUBLIME</h4>,WOMEN,2018,https://res.cloudinary.com/maaji/image/upload/v1528408302/Spring2018/3047SFH01_3007SAC04_red_3.jpg,3047SFH01_CINNAMON_SUBLIME,yes,hi-res,https://res.cloudinary.com/maaji/image/upload/v1528408302/Spring2018/3047SFH01_3007SAC04_red_4.jpg,3047SFH01_CINNAMON_SUBLIME,no,hi-res,https://res.cloudinary.com/maaji/image/upload/v1528408303/Spring2018/3047SFH01_3007SAC04_red_5.jpg,3047SFH01_CINNAMON_SUBLIME,no,hi-res,https://res.cloudinary.com/maaji/image/upload/v1528408304/Spring2018/3047SFH01_3007SAC04_red_6.jpg,3047SFH01_CINNAMON_SUBLIME,no,hi-res,,,,,,,,,,,,,,,,,3047SFH01|CINNAMON SUBLIME
3048SUN01-CINNAMON SUNNY,Sets,CINNAMON LOVELY-CINNAMON SUNNY,active,active,Maaji,Colombia,1,1,,"Delivery
FREE POSTAGE within COLOMBIA for orders over COP$250.000. Orders under 
COP$250.000 will incur a shipping fee.
Delivery times are dependent on your location but are typically 2-3 
working days. Regional areas outside of metro areas, typically add
an additional day to delivery estimates. 

Returns
Returns and exchanges are accepted on merchandise within 30 
days of receipt. The product must be returned in original condition. Worn, washed
or otherwise used products will not be accepted. All products must also have the 
original tags and hygienic protection sticker intact. Original shipping charges will not 
be refunded unless the return items are deemed defective. Our Returns Policy is in 
addition to your rights under the Colombian Consumer Law.","<p><b>Delivery</b>
<br/>FREE POSTAGE within COLOMBIA for orders over COP $250.000. Orders under COP $250.000 will incur a shipping fee.
Delivery times are dependent on your location but are typically 2-3 working days. Regional areas outside of metro areas, typically add an additional day to delivery estimates.</p>
<br/>
</p><b>Returns</b>
<br/>Returns and exchanges are accepted on merchandise within 30 
days of receipt. The product must be returned in original condition. Worn, washed or otherwise used products will not be accepted. All products must also have the original tags and hygienic protection sticker intact. Original shipping charges will not be refunded unless the return items are deemed defective. Our Returns Policy is in addition to your rights under the Colombian Consumer Law.</p>",<h4>CINNAMON LOVELY-CINNAMON SUNNY</h4>,,<h3>TOP</h3><p>Cold hand wash<br/>Always rinse away salt or chlorine<br/>Lay flat to dry<br/>Avoid rough surfaces</p><h3>BOTTOM</h3><p>Cold hand wash<br/>Always rinse away salt or chlorine<br/>Lay flat to dry<br/>Avoid rough surfaces</p>,<h3>TOP</h3><p>Reversible<br/>Ties at sides<br/>Low Rise<br/>Moderate coverage <br/>Made in Colombia</p><h3>BOTTOM</h3><p>Reversible<br/>Ties at sides<br/>Low Rise<br/>Moderate coverage <br/>Made in Colombia</p>,CINNAMON LOVELY-CINNAMON SUNNY,"TOP:
Underwire top
Without molded cups
Adjustable criss cross back
Medium coverage at front 
Made in Colombia

BOTTOM: 
Reversible
Ties at sides
Low Rise 
Moderate coverage 
Made in Colombia",,,,Our model wears an Colombian size S,,SPRING 2018,COLOMBIA,,<h4>CINNAMON LOVELY-CINNAMON SUNNY</h4>,WOMEN,2018,https://res.cloudinary.com/maaji/image/upload/v1528408668/Spring2018/3048SUN01_3044SBC01_red_3.jpg,3048SUN01_CINNAMON_SUNNY,yes,hi-res,https://res.cloudinary.com/maaji/image/upload/v1528408668/Spring2018/3048SUN01_3044SBC01_red_4.jpg,3048SUN01_CINNAMON_SUNNY,no,hi-res,https://res.cloudinary.com/maaji/image/upload/v1528408669/Spring2018/3048SUN01_3044SBC01_red_5.jpg,3048SUN01_CINNAMON_SUNNY,no,hi-res,https://res.cloudinary.com/maaji/image/upload/v1528408670/Spring2018/3048SUN01_3044SBC01_red_6.jpg,3048SUN01_CINNAMON_SUNNY,no,hi-res,,,,,,,,,,,,,,,,,3048SUN01|CINNAMON SUNNY
2115SSE01-BRISTLE GARDENS,Sets,BRISTLE GARDENS-BRISTLE GARDENS,active,active,Maaji,Colombia,1,1,,"Delivery
FREE POSTAGE within COLOMBIA for orders over COP$250.000. Orders under 
COP$250.000 will incur a shipping fee.
Delivery times are dependent on your location but are typically 2-3 
working days. Regional areas outside of metro areas, typically add
an additional day to delivery estimates. 

Returns
Returns and exchanges are accepted on merchandise within 30 
days of receipt. The product must be returned in original condition. Worn, washed
or otherwise used products will not be accepted. All products must also have the 
original tags and hygienic protection sticker intact. Original shipping charges will not 
be refunded unless the return items are deemed defective. Our Returns Policy is in 
addition to your rights under the Colombian Consumer Law.","<p><b>Delivery</b>
<br/>FREE POSTAGE within COLOMBIA for orders over COP $250.000. Orders under COP $250.000 will incur a shipping fee.
Delivery times are dependent on your location but are typically 2-3 working days. Regional areas outside of metro areas, typically add an additional day to delivery estimates.</p>
<br/>
</p><b>Returns</b>
<br/>Returns and exchanges are accepted on merchandise within 30 
days of receipt. The product must be returned in original condition. Worn, washed or otherwise used products will not be accepted. All products must also have the original tags and hygienic protection sticker intact. Original shipping charges will not be refunded unless the return items are deemed defective. Our Returns Policy is in addition to your rights under the Colombian Consumer Law.</p>",<h4>BRISTLE GARDENS-BRISTLE GARDENS</h4>,,<h3>TOP</h3><p>Cold hand wash<br/>Always rinse away salt or chlorine<br/>Lay flat to dry<br/>Avoid rough surfaces</p><h3>BOTTOM</h3><p>Cold hand wash<br/>Always rinse away salt or chlorine<br/>Lay flat to dry<br/>Avoid rough surfaces</p>,<h3>TOP</h3><p>Reversible<br/>Sliding triangle top<br/>Adjustable criss cross back<br/>Crochet trim detail straps<br/>Demi coverage at front<br/>Made in Colombia</p><h3>BOTTOM</h3><p>Reversible<br/>Ties at sides<br/>Low Rise<br/>Moderate coverage<br/>Made in Colombia</p>,BRISTLE GARDENS-BRISTLE GARDENS,"TOP:
Reversible
Sliding triangle top
Adjustable criss cross back
Crochet trim detail straps
Demi coverage at front
Made in Colombia

BOTTOM: 
Reversible
Ties at sides
Low Rise 
Moderate coverage 
Made in Colombia",,,,Our model wears an Colombian size S,,SPRING 2018,COLOMBIA,,<h4>BRISTLE GARDENS-BRISTLE GARDENS</h4>,WOMEN,2018,https://res.cloudinary.com/maaji/image/upload/v1528396459/Spring2018/2115SSE01_2116SBC01_purple_3.jpg,2115SSE01_BRISTLE_GARDENS,yes,hi-res,https://res.cloudinary.com/maaji/image/upload/v1528396460/Spring2018/2115SSE01_2116SBC01_purple_4.jpg,2115SSE01_BRISTLE_GARDENS,no,hi-res,,,,,,,,,,,,,,,,,,,,,,,,,2115SSE01|BRISTLE GARDENS
2117SSP01-ROSE VELVET,Sets,ROSE VELVET-ROSE VELVET,active,active,Maaji,Colombia,1,1,,"Delivery
FREE POSTAGE within COLOMBIA for orders over COP$250.000. Orders under 
COP$250.000 will incur a shipping fee.
Delivery times are dependent on your location but are typically 2-3 
working days. Regional areas outside of metro areas, typically add
an additional day to delivery estimates. 

Returns
Returns and exchanges are accepted on merchandise within 30 
days of receipt. The product must be returned in original condition. Worn, washed
or otherwise used products will not be accepted. All products must also have the 
original tags and hygienic protection sticker intact. Original shipping charges will not 
be refunded unless the return items are deemed defective. Our Returns Policy is in 
addition to your rights under the Colombian Consumer Law.","<p><b>Delivery</b>
<br/>FREE POSTAGE within COLOMBIA for orders over COP $250.000. Orders under COP $250.000 will incur a shipping fee.
Delivery times are dependent on your location but are typically 2-3 working days. Regional areas outside of metro areas, typically add an additional day to delivery estimates.</p>
<br/>
</p><b>Returns</b>
<br/>Returns and exchanges are accepted on merchandise within 30 
days of receipt. The product must be returned in original condition. Worn, washed or otherwise used products will not be accepted. All products must also have the original tags and hygienic protection sticker intact. Original shipping charges will not be refunded unless the return items are deemed defective. Our Returns Policy is in addition to your rights under the Colombian Consumer Law.</p>",<h4>ROSE VELVET-ROSE VELVET</h4>,,<h3>TOP</h3><p>Cold hand wash<br/>Always rinse away salt or chlorine<br/>Lay flat to dry<br/>Avoid rough surfaces</p><h3>BOTTOM</h3><p>Cold hand wash<br/>Always rinse away salt or chlorine<br/>Lay flat to dry<br/>Avoid rough surfaces</p>,<h3>TOP</h3><p>Reversible<br/>Bralette top<br/>Removable soft pads<br/>Pullover<br/>Fixed criss cross back<br/>Full coverage at front<br/>Made in Colombia</p><h3>BOTTOM</h3><p>Reversible<br/>Low Rise <br/>Moderate coverage <br/>Made in Colombia</p>,ROSE VELVET-ROSE VELVET,"TOP:
Reversible
Bralette top
Removable soft pads
Pullover
Fixed criss cross back
Full coverage at front
Made in Colombia

BOTTOM: 
Reversible
Low Rise 
Moderate coverage 
Made in Colombia",,,,Our model wears an Colombian size S,,SPRING 2018,COLOMBIA,,<h4>ROSE VELVET-ROSE VELVET</h4>,WOMEN,2018,https://res.cloudinary.com/maaji/image/upload/v1528397306/Spring2018/2117SSP01_1930SBC01_purple_3.jpg,2117SSP01_ROSE_VELVET,yes,hi-res,https://res.cloudinary.com/maaji/image/upload/v1528397307/Spring2018/2117SSP01_1930SBC01_purple_4.jpg,2117SSP01_ROSE_VELVET,no,hi-res,,,,,,,,,,,,,,,,,,,,,,,,,2117SSP01|ROSE VELVET
1916SFH02-ARUSI MERLOT,Sets,ARUSI MERLOT-ARUSI MERLOT,active,active,Maaji,Colombia,1,1,,"Delivery
FREE POSTAGE within COLOMBIA for orders over COP$250.000. Orders under 
COP$250.000 will incur a shipping fee.
Delivery times are dependent on your location but are typically 2-3 
working days. Regional areas outside of metro areas, typically add
an additional day to delivery estimates. 

Returns
Returns and exchanges are accepted on merchandise within 30 
days of receipt. The product must be returned in original condition. Worn, washed
or otherwise used products will not be accepted. All products must also have the 
original tags and hygienic protection sticker intact. Original shipping charges will not 
be refunded unless the return items are deemed defective. Our Returns Policy is in 
addition to your rights under the Colombian Consumer Law.","<p><b>Delivery</b>
<br/>FREE POSTAGE within COLOMBIA for orders over COP $250.000. Orders under COP $250.000 will incur a shipping fee.
Delivery times are dependent on your location but are typically 2-3 working days. Regional areas outside of metro areas, typically add an additional day to delivery estimates.</p>
<br/>
</p><b>Returns</b>
<br/>Returns and exchanges are accepted on merchandise within 30 
days of receipt. The product must be returned in original condition. Worn, washed or otherwise used products will not be accepted. All products must also have the original tags and hygienic protection sticker intact. Original shipping charges will not be refunded unless the return items are deemed defective. Our Returns Policy is in addition to your rights under the Colombian Consumer Law.</p>",<h4>ARUSI MERLOT-ARUSI MERLOT</h4>,,<h3>TOP</h3><p>Cold hand wash<br/>Always rinse away salt or chlorine<br/>Lay flat to dry<br/>Avoid rough surfaces</p><h3>BOTTOM</h3><p>Cold hand wash<br/>Always rinse away salt or chlorine<br/>Lay flat to dry<br/>Avoid rough surfaces</p>,<h3>TOP</h3><p>Reversible<br/>Fixed Halter top<br/>Removable soft pads<br/>Pullover<br/>Fixed criss cross back<br/>Full coverage at front<br/>Made in Colombia</p><h3>BOTTOM</h3><p>Reversible<br/>Low Rise<br/>Full coverage<br/>Made in Colombia</p>,ARUSI MERLOT-ARUSI MERLOT,"TOP:
Reversible
Fixed Halter top
Removable soft pads
Pullover
Fixed criss cross back
Full coverage at front
Made in Colombia

BOTTOM: 
Reversible
Low Rise 
Full coverage 
Made in Colombia",,,,Our model wears an Colombian size S,,SPRING 2018,COLOMBIA,,<h4>ARUSI MERLOT-ARUSI MERLOT</h4>,WOMEN,2018,https://res.cloudinary.com/maaji/image/upload/v1528335294/Spring2018/1916SFH02_2120SAC01_purple_3.jpg,1916SFH02_ARUSI_MERLOT,yes,hi-res,https://res.cloudinary.com/maaji/image/upload/v1528335295/Spring2018/1916SFH02_2120SAC01_purple_4.jpg,1916SFH02_ARUSI_MERLOT,no,hi-res,,,,,,,,,,,,,,,,,,,,,,,,,1916SFH02|ARUSI MERLOT
2113SFT01-CINNAMON ATTILA,Sets,CINNAMON ATTILA-CINNAMON ATTILA,active,active,Maaji,Colombia,1,1,,"Delivery
FREE POSTAGE within COLOMBIA for orders over COP$250.000. Orders under 
COP$250.000 will incur a shipping fee.
Delivery times are dependent on your location but are typically 2-3 
working days. Regional areas outside of metro areas, typically add
an additional day to delivery estimates. 

Returns
Returns and exchanges are accepted on merchandise within 30 
days of receipt. The product must be returned in original condition. Worn, washed
or otherwise used products will not be accepted. All products must also have the 
original tags and hygienic protection sticker intact. Original shipping charges will not 
be refunded unless the return items are deemed defective. Our Returns Policy is in 
addition to your rights under the Colombian Consumer Law.","<p><b>Delivery</b>
<br/>FREE POSTAGE within COLOMBIA for orders over COP $250.000. Orders under COP $250.000 will incur a shipping fee.
Delivery times are dependent on your location but are typically 2-3 working days. Regional areas outside of metro areas, typically add an additional day to delivery estimates.</p>
<br/>
</p><b>Returns</b>
<br/>Returns and exchanges are accepted on merchandise within 30 
days of receipt. The product must be returned in original condition. Worn, washed or otherwise used products will not be accepted. All products must also have the original tags and hygienic protection sticker intact. Original shipping charges will not be refunded unless the return items are deemed defective. Our Returns Policy is in addition to your rights under the Colombian Consumer Law.</p>",<h4>CINNAMON ATTILA-CINNAMON ATTILA</h4>,,<h3>TOP</h3><p>Cold hand wash<br/>Always rinse away salt or chlorine<br/>Lay flat to dry<br/>Avoid rough surfaces</p><h3>BOTTOM</h3><p>Cold hand wash<br/>Always rinse away salt or chlorine<br/>Lay flat to dry<br/>Avoid rough surfaces</p>,<h3>TOP</h3><p>Reversible<br/>Fixed Triangle top<br/>Ruffles detail<br/>Removable soft pads<br/>Back Clip Closure<br/>Demi coverage at front<br/>Made in Colombia</p><h3>BOTTOM</h3><p>Reversible<br/>Adjustable at sides<br/>Low Rise <br/>Moderate coverage<br/>Made in Colombia</p>,CINNAMON ATTILA-CINNAMON ATTILA,"TOP:
Reversible
Fixed Triangle top
Ruffles detail
Removable soft pads
Back Clip Closure
Demi coverage at front
Made in Colombia

BOTTOM: 
Reversible
Adjustable at sides
Low Rise 
Moderate coverage 
Made in Colombia",,,,Our model wears an Colombian size S,,SPRING 2018,COLOMBIA,,<h4>CINNAMON ATTILA-CINNAMON ATTILA</h4>,WOMEN,2018,https://res.cloudinary.com/maaji/image/upload/v1528394920/Spring2018/2113SFT01_2114SBC01_purple_3.jpg,2113SFT01_CINNAMON_ATTILA,yes,hi-res,https://res.cloudinary.com/maaji/image/upload/v1528394921/Spring2018/2113SFT01_2114SBC01_purple_4.jpg,2113SFT01_CINNAMON_ATTILA,no,hi-res,,,,,,,,,,,,,,,,,,,,,,,,,2113SFT01|CINNAMON ATTILA
2021SFA02-CUMBIA SOCIETY,Sets,CUMBIA SOCIETY-CUMBIA SOCIETY,active,active,Maaji,Colombia,1,1,,"Delivery
FREE POSTAGE within COLOMBIA for orders over COP$250.000. Orders under 
COP$250.000 will incur a shipping fee.
Delivery times are dependent on your location but are typically 2-3 
working days. Regional areas outside of metro areas, typically add
an additional day to delivery estimates. 

Returns
Returns and exchanges are accepted on merchandise within 30 
days of receipt. The product must be returned in original condition. Worn, washed
or otherwise used products will not be accepted. All products must also have the 
original tags and hygienic protection sticker intact. Original shipping charges will not 
be refunded unless the return items are deemed defective. Our Returns Policy is in 
addition to your rights under the Colombian Consumer Law.","<p><b>Delivery</b>
<br/>FREE POSTAGE within COLOMBIA for orders over COP $250.000. Orders under COP $250.000 will incur a shipping fee.
Delivery times are dependent on your location but are typically 2-3 working days. Regional areas outside of metro areas, typically add an additional day to delivery estimates.</p>
<br/>
</p><b>Returns</b>
<br/>Returns and exchanges are accepted on merchandise within 30 
days of receipt. The product must be returned in original condition. Worn, washed or otherwise used products will not be accepted. All products must also have the original tags and hygienic protection sticker intact. Original shipping charges will not be refunded unless the return items are deemed defective. Our Returns Policy is in addition to your rights under the Colombian Consumer Law.</p>",<h4>CUMBIA SOCIETY-CUMBIA SOCIETY</h4>,,<h3>TOP</h3><p>Cold hand wash<br/>Always rinse away salt or chlorine<br/>Lay flat to dry<br/>Avoid rough surfaces</p><h3>BOTTOM</h3><p>Cold hand wash<br/>Always rinse away salt or chlorine<br/>Lay flat to dry<br/>Avoid rough surfaces</p>,<h3>TOP</h3><p>Reversible<br/>4 ways top (wear it to back and front)<br/>Bandeau off-shoulder top<br/>Removable Soft Pads<br/>Pleated on mid-front<br/>Full coverage at front<br/>Made in Colombia</p><h3>BOTTOM</h3><p>Reversible<br/>Bralette top<br/>Removable soft pads<br/>Pullover<br/>Fixed criss cross back<br/>Full coverage at front<br/>Made in Colombia</p>,CUMBIA SOCIETY-CUMBIA SOCIETY,"TOP:
Reversible
4 ways top (wear it to back and front)
Bandeau off-shoulder top
Removable Soft Pads
Pleated on mid-front
Full coverage at front
Made in Colombia

BOTTOM: 
Reversible
Bralette top
Removable soft pads
Pullover
Fixed criss cross back
Full coverage at front
Made in Colombia",,,,Our model wears an Colombian size S,,SPRING 2018,COLOMBIA,,<h4>CUMBIA SOCIETY-CUMBIA SOCIETY</h4>,WOMEN,2018,https://res.cloudinary.com/maaji/image/upload/v1528337244/Spring2018/2021SFA02_2110SBC01_purple_3.jpg,2021SFA02_CUMBIA_SOCIETY,yes,hi-res,https://res.cloudinary.com/maaji/image/upload/v1528337245/Spring2018/2021SFA02_2110SBC01_purple_4.jpg,2021SFA02_CUMBIA_SOCIETY,no,hi-res,,,,,,,,,,,,,,,,,,,,,,,,,2021SFA02|CUMBIA SOCIETY
2112SFA01-SCARLET CACIQUE,Sets,SCARLET CACIQUE-SCARLET CACIQUE,active,active,Maaji,Colombia,1,1,,"Delivery
FREE POSTAGE within COLOMBIA for orders over COP$250.000. Orders under 
COP$250.000 will incur a shipping fee.
Delivery times are dependent on your location but are typically 2-3 
working days. Regional areas outside of metro areas, typically add
an additional day to delivery estimates. 

Returns
Returns and exchanges are accepted on merchandise within 30 
days of receipt. The product must be returned in original condition. Worn, washed
or otherwise used products will not be accepted. All products must also have the 
original tags and hygienic protection sticker intact. Original shipping charges will not 
be refunded unless the return items are deemed defective. Our Returns Policy is in 
addition to your rights under the Colombian Consumer Law.","<p><b>Delivery</b>
<br/>FREE POSTAGE within COLOMBIA for orders over COP $250.000. Orders under COP $250.000 will incur a shipping fee.
Delivery times are dependent on your location but are typically 2-3 working days. Regional areas outside of metro areas, typically add an additional day to delivery estimates.</p>
<br/>
</p><b>Returns</b>
<br/>Returns and exchanges are accepted on merchandise within 30 
days of receipt. The product must be returned in original condition. Worn, washed or otherwise used products will not be accepted. All products must also have the original tags and hygienic protection sticker intact. Original shipping charges will not be refunded unless the return items are deemed defective. Our Returns Policy is in addition to your rights under the Colombian Consumer Law.</p>",<h4>SCARLET CACIQUE-SCARLET CACIQUE</h4>,,<h3>TOP</h3><p>Cold hand wash<br/>Always rinse away salt or chlorine<br/>Lay flat to dry<br/>Avoid rough surfaces</p><h3>BOTTOM</h3><p>Cold hand wash<br/>Always rinse away salt or chlorine<br/>Lay flat to dry<br/>Avoid rough surfaces</p>,<h3>TOP</h3><p>Reversible<br/>4 Ways top (wear it to back and front)<br/>Bralette top<br/>Removable soft pads<br/>Lace up and tie string <br/>Full coverage at front<br/>Made in Colombia</p><h3>BOTTOM</h3><p>Reversible<br/>Adjustable at sides<br/>Low Rise <br/>Moderate coverage <br/>Made in Colombia</p>,SCARLET CACIQUE-SCARLET CACIQUE,"TOP:
Reversible
4 Ways top (wear it to back and front)
Bralette top
Removable soft pads
Lace up and tie string 
Full coverage at front
Made in Colombia

BOTTOM: 
Reversible
Adjustable at sides
Low Rise 
Moderate coverage 
Made in Colombia
",,,,Our model wears an Colombian size S,,SPRING 2018,COLOMBIA,,<h4>SCARLET CACIQUE-SCARLET CACIQUE</h4>,WOMEN,2018,https://res.cloudinary.com/maaji/image/upload/v1528394317/Spring2018/2112SFA01_2041SAC01_purple_3.jpg,2112SFA01_SCARLET_CACIQUE,yes,hi-res,https://res.cloudinary.com/maaji/image/upload/v1528394318/Spring2018/2112SFA01_2041SAC01_purple_4.jpg,2112SFA01_SCARLET_CACIQUE,no,hi-res,,,,,,,,,,,,,,,,,,,,,,,,,2112SFA01|SCARLET CACIQUE
3046SHN01-BORDEAUX WAVES,Sets,JUNEBERRY JAZZY-BORDEAUX WAVES,active,active,Maaji,Colombia,1,1,,"Delivery
FREE POSTAGE within COLOMBIA for orders over COP$250.000. Orders under 
COP$250.000 will incur a shipping fee.
Delivery times are dependent on your location but are typically 2-3 
working days. Regional areas outside of metro areas, typically add
an additional day to delivery estimates. 

Returns
Returns and exchanges are accepted on merchandise within 30 
days of receipt. The product must be returned in original condition. Worn, washed
or otherwise used products will not be accepted. All products must also have the 
original tags and hygienic protection sticker intact. Original shipping charges will not 
be refunded unless the return items are deemed defective. Our Returns Policy is in 
addition to your rights under the Colombian Consumer Law.","<p><b>Delivery</b>
<br/>FREE POSTAGE within COLOMBIA for orders over COP $250.000. Orders under COP $250.000 will incur a shipping fee.
Delivery times are dependent on your location but are typically 2-3 working days. Regional areas outside of metro areas, typically add an additional day to delivery estimates.</p>
<br/>
</p><b>Returns</b>
<br/>Returns and exchanges are accepted on merchandise within 30 
days of receipt. The product must be returned in original condition. Worn, washed or otherwise used products will not be accepted. All products must also have the original tags and hygienic protection sticker intact. Original shipping charges will not be refunded unless the return items are deemed defective. Our Returns Policy is in addition to your rights under the Colombian Consumer Law.</p>",<h4>JUNEBERRY JAZZY-BORDEAUX WAVES</h4>,,<h3>TOP</h3><p>Cold hand wash<br/>Always rinse away salt or chlorine<br/>Lay flat to dry<br/>Avoid rough surfaces</p><h3>BOTTOM</h3><p>Cold hand wash<br/>Always rinse away salt or chlorine<br/>Lay flat to dry<br/>Avoid rough surfaces</p>,<h3>TOP</h3><p>Reversible<br/>High neck top<br/>Removable soft pads<br/>Adjustable criss cross back<br/>Full coverage at front<br/>Made in Colombia</p><h3>BOTTOM</h3><p>Wide foldable waistband <br/>Made in Colombia</p>,JUNEBERRY JAZZY-BORDEAUX WAVES,"TOP:
Reversible
High neck top
Removable soft pads
Adjustable criss cross back
Full coverage at front
Made in Colombia

BOTTOM: 
Wide foldable waistband 
Made in Colombia",,,,Our model wears an Colombian size S,,SPRING 2018,COLOMBIA,,<h4>JUNEBERRY JAZZY-BORDEAUX WAVES</h4>,WOMEN,2018,https://res.cloudinary.com/maaji/image/upload/v1528407672/Spring2018/3046SHN01_2118SSF01_purple_3.jpg,3046SHN01_BORDEAUX_WAVES,yes,hi-res,https://res.cloudinary.com/maaji/image/upload/v1528407673/Spring2018/3046SHN01_2118SSF01_purple_4.jpg,3046SHN01_BORDEAUX_WAVES,no,hi-res,,,,,,,,,,,,,,,,,,,,,,,,,3046SHN01|2118SSF01
2115SSE01-BABY FINLEY,Sets,BRISTLE GARDENS-BABY FINLEY,active,active,Maaji,Colombia,1,1,,"Delivery
FREE POSTAGE within COLOMBIA for orders over COP$250.000. Orders under 
COP$250.000 will incur a shipping fee.
Delivery times are dependent on your location but are typically 2-3 
working days. Regional areas outside of metro areas, typically add
an additional day to delivery estimates. 

Returns
Returns and exchanges are accepted on merchandise within 30 
days of receipt. The product must be returned in original condition. Worn, washed
or otherwise used products will not be accepted. All products must also have the 
original tags and hygienic protection sticker intact. Original shipping charges will not 
be refunded unless the return items are deemed defective. Our Returns Policy is in 
addition to your rights under the Colombian Consumer Law.","<p><b>Delivery</b>
<br/>FREE POSTAGE within COLOMBIA for orders over COP $250.000. Orders under COP $250.000 will incur a shipping fee.
Delivery times are dependent on your location but are typically 2-3 working days. Regional areas outside of metro areas, typically add an additional day to delivery estimates.</p>
<br/>
</p><b>Returns</b>
<br/>Returns and exchanges are accepted on merchandise within 30 
days of receipt. The product must be returned in original condition. Worn, washed or otherwise used products will not be accepted. All products must also have the original tags and hygienic protection sticker intact. Original shipping charges will not be refunded unless the return items are deemed defective. Our Returns Policy is in addition to your rights under the Colombian Consumer Law.</p>",<h4>BRISTLE GARDENS-BABY FINLEY</h4>,,<h3>TOP</h3><p>Cold hand wash<br/>Always rinse away salt or chlorine<br/>Lay flat to dry<br/>Avoid rough surfaces</p><h3>BOTTOM</h3><p>Do not Machine wash at temperatures<br/>Do not use dryer<br/>Do not wring<br/>Line dry<br/><br/>Steam and turn inside out<br/>Do not bleach<br/>Do not use hot water<br/>Do not use vinegar</p>,<h3>TOP</h3><p>Reversible<br/>Sliding triangle top<br/>Adjustable criss cross back<br/>Crochet trim detail straps<br/>Demi coverage at front<br/>Made in Colombia</p><h3>BOTTOM</h3><p>Wrap pants<br/>Stitch detail at sides</p>,BRISTLE GARDENS-BABY FINLEY,"TOP:
Reversible
Sliding triangle top
Adjustable criss cross back
Crochet trim detail straps
Demi coverage at front
Made in Colombia

BOTTOM: 
Wrap pants
Stitch detail at sides",,,,Our model wears an Colombian size S,,SPRING 2018,COLOMBIA,,<h4>BRISTLE GARDENS-BABY FINLEY</h4>,WOMEN,2018,https://res.cloudinary.com/maaji/image/upload/v1528396208/Spring2018/2115SSE01_1464CPA01_purple_1.jpg,2115SSE01_BABY_FINLEY,yes,hi-res,https://res.cloudinary.com/maaji/image/upload/v1528396209/Spring2018/2115SSE01_1464CPA01_purple_2.jpg,2115SSE01_BABY_FINLEY,no,hi-res,,,,,,,,,,,,,,,,,,,,,,,,,2115SSE01|1464CPA01
3045SFT01-BUBBLE GALAXY,Sets,JUNEBERRY DELIGHTFUL-BUBBLE GALAXY,active,active,Maaji,Colombia,1,1,,"Delivery
FREE POSTAGE within COLOMBIA for orders over COP$250.000. Orders under 
COP$250.000 will incur a shipping fee.
Delivery times are dependent on your location but are typically 2-3 
working days. Regional areas outside of metro areas, typically add
an additional day to delivery estimates. 

Returns
Returns and exchanges are accepted on merchandise within 30 
days of receipt. The product must be returned in original condition. Worn, washed
or otherwise used products will not be accepted. All products must also have the 
original tags and hygienic protection sticker intact. Original shipping charges will not 
be refunded unless the return items are deemed defective. Our Returns Policy is in 
addition to your rights under the Colombian Consumer Law.","<p><b>Delivery</b>
<br/>FREE POSTAGE within COLOMBIA for orders over COP $250.000. Orders under COP $250.000 will incur a shipping fee.
Delivery times are dependent on your location but are typically 2-3 working days. Regional areas outside of metro areas, typically add an additional day to delivery estimates.</p>
<br/>
</p><b>Returns</b>
<br/>Returns and exchanges are accepted on merchandise within 30 
days of receipt. The product must be returned in original condition. Worn, washed or otherwise used products will not be accepted. All products must also have the original tags and hygienic protection sticker intact. Original shipping charges will not be refunded unless the return items are deemed defective. Our Returns Policy is in addition to your rights under the Colombian Consumer Law.</p>",<h4>JUNEBERRY DELIGHTFUL-BUBBLE GALAXY</h4>,,<h3>TOP</h3><p>Cold hand wash<br/>Always rinse away salt or chlorine<br/>Lay flat to dry<br/>Avoid rough surfaces</p><h3>BOTTOM</h3><p>Do not Machine wash at temperatures<br/>Do not use dryer<br/>Do not wring<br/>Line dry<br/><br/>Steam and turn inside out<br/>Do not bleach<br/>Do not use hot water<br/>Do not use vinegar</p>,<h3>TOP</h3><p>Reversible<br/>Fixed Triangle top<br/>Ruffles detail<br/>Removable soft pads<br/>Back Clip Closure<br/>Demi coverage at front<br/>Made in Colombia</p><h3>BOTTOM</h3><p>Elastic waistband<br/>Pokets at sides</p>,JUNEBERRY DELIGHTFUL-BUBBLE GALAXY,"TOP:
Reversible
Fixed Triangle top
Ruffles detail
Removable soft pads
Back Clip Closure
Demi coverage at front
Made in Colombia

BOTTOM: 
Elastic waistband
Pokets at sides",,,,Our model wears an Colombian size S,,SPRING 2018,COLOMBIA,,<h4>JUNEBERRY DELIGHTFUL-BUBBLE GALAXY</h4>,WOMEN,2018,https://res.cloudinary.com/maaji/image/upload/v1528406778/Spring2018/3045SFT01_1426CSH01_purple_1.jpg,3045SFT01_BUBBLE_GALAXY,yes,hi-res,https://res.cloudinary.com/maaji/image/upload/v1528406779/Spring2018/3045SFT01_1426CSH01_purple_2.jpg,3045SFT01_BUBBLE_GALAXY,no,hi-res,,,,,,,,,,,,,,,,,,,,,,,,,3045SFT01|1426CSH01
2117SSP01-SEA RAINBOW,Sets,ROSE VELVET-SEA RAINBOW,active,active,Maaji,Colombia,1,1,,"Delivery
FREE POSTAGE within COLOMBIA for orders over COP$250.000. Orders under 
COP$250.000 will incur a shipping fee.
Delivery times are dependent on your location but are typically 2-3 
working days. Regional areas outside of metro areas, typically add
an additional day to delivery estimates. 

Returns
Returns and exchanges are accepted on merchandise within 30 
days of receipt. The product must be returned in original condition. Worn, washed
or otherwise used products will not be accepted. All products must also have the 
original tags and hygienic protection sticker intact. Original shipping charges will not 
be refunded unless the return items are deemed defective. Our Returns Policy is in 
addition to your rights under the Colombian Consumer Law.","<p><b>Delivery</b>
<br/>FREE POSTAGE within COLOMBIA for orders over COP $250.000. Orders under COP $250.000 will incur a shipping fee.
Delivery times are dependent on your location but are typically 2-3 working days. Regional areas outside of metro areas, typically add an additional day to delivery estimates.</p>
<br/>
</p><b>Returns</b>
<br/>Returns and exchanges are accepted on merchandise within 30 
days of receipt. The product must be returned in original condition. Worn, washed or otherwise used products will not be accepted. All products must also have the original tags and hygienic protection sticker intact. Original shipping charges will not be refunded unless the return items are deemed defective. Our Returns Policy is in addition to your rights under the Colombian Consumer Law.</p>",<h4>ROSE VELVET-SEA RAINBOW</h4>,,<h3>TOP</h3><p>Cold hand wash<br/>Always rinse away salt or chlorine<br/>Lay flat to dry<br/>Avoid rough surfaces</p><h3>BOTTOM</h3><p>Do not Machine wash at temperatures<br/>Do not use dryer<br/>Do not wring<br/>Line dry<br/><br/>Steam and turn inside out<br/>Do not bleach<br/>Do not use hot water<br/>Do not use vinegar</p>,<h3>TOP</h3><p>Reversible<br/>Bralette top<br/>Removable soft pads<br/>Pullover<br/>Fixed criss cross back<br/>Full coverage at front<br/>Made in Colombia</p><h3>BOTTOM</h3><p>Pants <br/>Jogger pants<br/>With pockets</p>,ROSE VELVET-SEA RAINBOW,"TOP:
Reversible
Bralette top
Removable soft pads
Pullover
Fixed criss cross back
Full coverage at front
Made in Colombia

BOTTOM: 
Pants
Jogger pants
With pockets",,,,Our model wears an Colombian size S,,SPRING 2018,COLOMBIA,,<h4>ROSE VELVET-SEA RAINBOW</h4>,WOMEN,2018,https://res.cloudinary.com/maaji/image/upload/v1528396963/Spring2018/2117SSP01_1378CPA01_purple_1.jpg,2117SSP01_SEA_RAINBOW,yes,hi-res,https://res.cloudinary.com/maaji/image/upload/v1528396964/Spring2018/2117SSP01_1378CPA01_purple_2.jpg,2117SSP01_SEA_RAINBOW,no,hi-res,,,,,,,,,,,,,,,,,,,,,,,,,2117SSP01|1378CPA01
1520SFH01-STARGAZER SUBLIME,Sets,STARGAZER SWIRL-STARGAZER SUBLIME,active,active,Maaji,Colombia,1,1,,"Delivery
FREE POSTAGE within COLOMBIA for orders over COP$250.000. Orders under 
COP$250.000 will incur a shipping fee.
Delivery times are dependent on your location but are typically 2-3 
working days. Regional areas outside of metro areas, typically add
an additional day to delivery estimates. 

Returns
Returns and exchanges are accepted on merchandise within 30 
days of receipt. The product must be returned in original condition. Worn, washed
or otherwise used products will not be accepted. All products must also have the 
original tags and hygienic protection sticker intact. Original shipping charges will not 
be refunded unless the return items are deemed defective. Our Returns Policy is in 
addition to your rights under the Colombian Consumer Law.","<p><b>Delivery</b>
<br/>FREE POSTAGE within COLOMBIA for orders over COP $250.000. Orders under COP $250.000 will incur a shipping fee.
Delivery times are dependent on your location but are typically 2-3 working days. Regional areas outside of metro areas, typically add an additional day to delivery estimates.</p>
<br/>
</p><b>Returns</b>
<br/>Returns and exchanges are accepted on merchandise within 30 
days of receipt. The product must be returned in original condition. Worn, washed or otherwise used products will not be accepted. All products must also have the original tags and hygienic protection sticker intact. Original shipping charges will not be refunded unless the return items are deemed defective. Our Returns Policy is in addition to your rights under the Colombian Consumer Law.</p>",<h4>STARGAZER SWIRL-STARGAZER SUBLIME</h4>,,<h3>TOP</h3><p>Cold hand wash<br/>Always rinse away salt or chlorine<br/>Lay flat to dry<br/>Avoid rough surfaces</p><h3>BOTTOM</h3><p>Cold hand wash<br/>Always rinse away salt or chlorine<br/>Lay flat to dry<br/>Avoid rough surfaces</p>,<h3>TOP</h3><p>Reversible<br/>Fixed Halter top<br/>Removable soft pads<br/>Pullover<br/>Fixed criss cross back<br/>Full coverage at front<br/>Made in Colombia</p><h3>BOTTOM</h3><p>Reversible<br/>Seamless<br/>Low rise<br/>Full coverage<br/>Made in Colombia</p>,STARGAZER SWIRL-STARGAZER SUBLIME,"TOP:
Reversible
Fixed Halter top
Removable soft pads
Pullover
Fixed criss cross back
Full coverage at front
Made in Colombia

BOTTOM: 
Reversible
Seamless
Low rise
Full coverage
Made in Colombia",,,,Our model wears an Colombian size S,,SPRING 2018,COLOMBIA,,<h4>STARGAZER SWIRL-STARGAZER SUBLIME</h4>,WOMEN,2018,https://res.cloudinary.com/maaji/image/upload/v1528334667/Spring2018/1520SFH01_3007SDC06_blue_3.jpg,1520SFH01_STARGAZER_SUBLIME,yes,hi-res,https://res.cloudinary.com/maaji/image/upload/v1528334668/Spring2018/1520SFH01_3007SDC06_blue_4.jpg,1520SFH01_STARGAZER_SUBLIME,no,hi-res,https://res.cloudinary.com/maaji/image/upload/v1528334669/Spring2018/1520SFH01_3007SDC06_blue_5.jpg,1520SFH01_STARGAZER_SUBLIME,no,hi-res,https://res.cloudinary.com/maaji/image/upload/v1528334670/Spring2018/1520SFH01_3007SDC06_blue_6.jpg,1520SFH01_STARGAZER_SUBLIME,no,hi-res,,,,,,,,,,,,,,,,,1520SFH01|STARGAZER SUBLIME
3053SFA01-STARGAZER ORNATE,Sets,STARGAZER DECK-STARGAZER ORNATE,active,active,Maaji,Colombia,1,1,,"Delivery
FREE POSTAGE within COLOMBIA for orders over COP$250.000. Orders under 
COP$250.000 will incur a shipping fee.
Delivery times are dependent on your location but are typically 2-3 
working days. Regional areas outside of metro areas, typically add
an additional day to delivery estimates. 

Returns
Returns and exchanges are accepted on merchandise within 30 
days of receipt. The product must be returned in original condition. Worn, washed
or otherwise used products will not be accepted. All products must also have the 
original tags and hygienic protection sticker intact. Original shipping charges will not 
be refunded unless the return items are deemed defective. Our Returns Policy is in 
addition to your rights under the Colombian Consumer Law.","<p><b>Delivery</b>
<br/>FREE POSTAGE within COLOMBIA for orders over COP $250.000. Orders under COP $250.000 will incur a shipping fee.
Delivery times are dependent on your location but are typically 2-3 working days. Regional areas outside of metro areas, typically add an additional day to delivery estimates.</p>
<br/>
</p><b>Returns</b>
<br/>Returns and exchanges are accepted on merchandise within 30 
days of receipt. The product must be returned in original condition. Worn, washed or otherwise used products will not be accepted. All products must also have the original tags and hygienic protection sticker intact. Original shipping charges will not be refunded unless the return items are deemed defective. Our Returns Policy is in addition to your rights under the Colombian Consumer Law.</p>",<h4>STARGAZER DECK-STARGAZER ORNATE</h4>,,<h3>TOP</h3><p>Cold hand wash<br/>Always rinse away salt or chlorine<br/>Lay flat to dry<br/>Avoid rough surfaces</p><h3>BOTTOM</h3><p>Cold hand wash<br/>Always rinse away salt or chlorine<br/>Lay flat to dry<br/>Avoid rough surfaces</p>,<h3>TOP</h3><p>Reversible<br/>Bralette top<br/>Removable soft pads<br/>Pullover<br/>Triple shoulder strings<br/>Pleated on mid-front<br/>Criss cross back <br/>Full coverage at front<br/>Made in Colombia</p><h3>BOTTOM</h3><p>Reversible<br/>Seamless<br/>Low rise<br/>Ruffle detail at sides<br/>Moderate coverage<br/>Made in Colombia</p>,STARGAZER DECK-STARGAZER ORNATE,"TOP:
Reversible 
Bralette top
Removable soft pads
Pullover
Triple shoulder strings
Pleated on mid-front
Criss cross back 
Full coverage at front
Made in Colombia

BOTTOM: 
Reversible
Seamless
Low rise
Ruffle detail at sides
Moderate coverage
Made in Colombia",,,,Our model wears an Colombian size S,,SPRING 2018,COLOMBIA,,<h4>STARGAZER DECK-STARGAZER ORNATE</h4>,WOMEN,2018,https://res.cloudinary.com/maaji/image/upload/v1528419325/Spring2018/3053SFA01_3052SBC01_blue_3.jpg,3053SFA01_STARGAZER_ORNATE,yes,hi-res,https://res.cloudinary.com/maaji/image/upload/v1528419326/Spring2018/3053SFA01_3052SBC01_blue_4.jpg,3053SFA01_STARGAZER_ORNATE,no,hi-res,https://res.cloudinary.com/maaji/image/upload/v1528419327/Spring2018/3053SFA01_3052SBC01_blue_5.jpg,3053SFA01_STARGAZER_ORNATE,no,hi-res,https://res.cloudinary.com/maaji/image/upload/v1528419327/Spring2018/3053SFA01_3052SBC01_blue_6.jpg,3053SFA01_STARGAZER_ORNATE,no,hi-res,,,,,,,,,,,,,,,,,3053SFA01|STARGAZER ORNATE
3054SFA01-STARGAZER CASCADE,Sets,STARGAZER DAZZLING-STARGAZER CASCADE,active,active,Maaji,Colombia,1,1,,"Delivery
FREE POSTAGE within COLOMBIA for orders over COP$250.000. Orders under 
COP$250.000 will incur a shipping fee.
Delivery times are dependent on your location but are typically 2-3 
working days. Regional areas outside of metro areas, typically add
an additional day to delivery estimates. 

Returns
Returns and exchanges are accepted on merchandise within 30 
days of receipt. The product must be returned in original condition. Worn, washed
or otherwise used products will not be accepted. All products must also have the 
original tags and hygienic protection sticker intact. Original shipping charges will not 
be refunded unless the return items are deemed defective. Our Returns Policy is in 
addition to your rights under the Colombian Consumer Law.","<p><b>Delivery</b>
<br/>FREE POSTAGE within COLOMBIA for orders over COP $250.000. Orders under COP $250.000 will incur a shipping fee.
Delivery times are dependent on your location but are typically 2-3 working days. Regional areas outside of metro areas, typically add an additional day to delivery estimates.</p>
<br/>
</p><b>Returns</b>
<br/>Returns and exchanges are accepted on merchandise within 30 
days of receipt. The product must be returned in original condition. Worn, washed or otherwise used products will not be accepted. All products must also have the original tags and hygienic protection sticker intact. Original shipping charges will not be refunded unless the return items are deemed defective. Our Returns Policy is in addition to your rights under the Colombian Consumer Law.</p>",<h4>STARGAZER DAZZLING-STARGAZER CASCADE</h4>,,<h3>TOP</h3><p>Cold hand wash<br/>Always rinse away salt or chlorine<br/>Lay flat to dry<br/>Avoid rough surfaces</p><h3>BOTTOM</h3><p>Cold hand wash<br/>Always rinse away salt or chlorine<br/>Lay flat to dry<br/>Avoid rough surfaces</p>,<h3>TOP</h3><p>Reversible<br/>4 Ways top (wear it to back and front)<br/>Bralette top<br/>Removable soft pads<br/>Lace up and tie string <br/>Full coverage at front<br/>Made in Colombia</p><h3>BOTTOM</h3><p>Reversible<br/>Seamless<br/>High leg cut<br/>Less coverage at rear<br/>Made in Colombia</p>,STARGAZER DAZZLING-STARGAZER CASCADE,"TOP:
Reversible
4 Ways top (wear it to back and front)
Bralette top
Removable soft pads
Lace up and tie string 
Full coverage at front
Made in Colombia

BOTTOM: 
Reversible
Seamless
High leg cut
Less coverage at rear
Made in Colombia",,,,Our model wears an Colombian size S,,SPRING 2018,COLOMBIA,,<h4>STARGAZER DAZZLING-STARGAZER CASCADE</h4>,WOMEN,2018,https://res.cloudinary.com/maaji/image/upload/v1528419746/Spring2018/3054SFA01_3008SCC01_blue_3.jpg,3054SFA01_STARGAZER_CASCADE,yes,hi-res,https://res.cloudinary.com/maaji/image/upload/v1528419746/Spring2018/3054SFA01_3008SCC01_blue_4.jpg,3054SFA01_STARGAZER_CASCADE,no,hi-res,https://res.cloudinary.com/maaji/image/upload/v1528419747/Spring2018/3054SFA01_3008SCC01_blue_5.jpg,3054SFA01_STARGAZER_CASCADE,no,hi-res,https://res.cloudinary.com/maaji/image/upload/v1528419748/Spring2018/3054SFA01_3008SCC01_blue_6.jpg,3054SFA01_STARGAZER_CASCADE,no,hi-res,https://res.cloudinary.com/maaji/image/upload/v1528419749/Spring2018/3054SFA01_3008SCC01_blue_7.jpg,3054SFA01_STARGAZER_CASCADE,no,hi-res,https://res.cloudinary.com/maaji/image/upload/v1528419750/Spring2018/3054SFA01_3008SCC01_blue_8.jpg,3054SFA01_STARGAZER_CASCADE,no,hi-res,https://res.cloudinary.com/maaji/image/upload/v1528419751/Spring2018/3054SFA01_3008SCC01_blue_9.jpg,3054SFA01_STARGAZER_CASCADE,no,hi-res,https://res.cloudinary.com/maaji/image/upload/v1528419751/Spring2018/3054SFA01_3008SCC01_blue_10.jpg,3054SFA01_STARGAZER_CASCADE,no,hi-res,3054SFA01|STARGAZER CASCADE
3049SFA02-HERITAGE SUBLIME,Sets,HERITAGE DEVOTION-HERITAGE SUBLIME,active,active,Maaji,Colombia,1,1,,"Delivery
FREE POSTAGE within COLOMBIA for orders over COP$250.000. Orders under 
COP$250.000 will incur a shipping fee.
Delivery times are dependent on your location but are typically 2-3 
working days. Regional areas outside of metro areas, typically add
an additional day to delivery estimates. 

Returns
Returns and exchanges are accepted on merchandise within 30 
days of receipt. The product must be returned in original condition. Worn, washed
or otherwise used products will not be accepted. All products must also have the 
original tags and hygienic protection sticker intact. Original shipping charges will not 
be refunded unless the return items are deemed defective. Our Returns Policy is in 
addition to your rights under the Colombian Consumer Law.","<p><b>Delivery</b>
<br/>FREE POSTAGE within COLOMBIA for orders over COP $250.000. Orders under COP $250.000 will incur a shipping fee.
Delivery times are dependent on your location but are typically 2-3 working days. Regional areas outside of metro areas, typically add an additional day to delivery estimates.</p>
<br/>
</p><b>Returns</b>
<br/>Returns and exchanges are accepted on merchandise within 30 
days of receipt. The product must be returned in original condition. Worn, washed or otherwise used products will not be accepted. All products must also have the original tags and hygienic protection sticker intact. Original shipping charges will not be refunded unless the return items are deemed defective. Our Returns Policy is in addition to your rights under the Colombian Consumer Law.</p>",<h4>HERITAGE DEVOTION-HERITAGE SUBLIME</h4>,,<h3>TOP</h3><p>Cold hand wash<br/>Always rinse away salt or chlorine<br/>Lay flat to dry<br/>Avoid rough surfaces</p><h3>BOTTOM</h3><p>Cold hand wash<br/>Always rinse away salt or chlorine<br/>Lay flat to dry<br/>Avoid rough surfaces</p>,<h3>TOP</h3><p>Reversible<br/>4 ways top (wear it to back and front)<br/>Removable Soft Pads<br/>Full coverage at front<br/>Made in Colombia</p><h3>BOTTOM</h3><p>Reversible<br/>Low Rise <br/>Cheeky coverage <br/>Made in Colombia</p>,HERITAGE DEVOTION-HERITAGE SUBLIME,"TOP:
Reversible
4 ways top (wear it to back and front)
Removable Soft Pads
Full coverage at front
Made in Colombia

BOTTOM: 
Reversible
Low Rise 
Cheeky coverage 
Made in Colombia
",,,,Our model wears an Colombian size S,,SPRING 2018,COLOMBIA,,<h4>HERITAGE DEVOTION-HERITAGE SUBLIME</h4>,WOMEN,2018,https://res.cloudinary.com/maaji/image/upload/v1528417069/Spring2018/3049SFA02_3007SBC05_blue_3.jpg,3049SFA02_HERITAGE_SUBLIME,yes,hi-res,https://res.cloudinary.com/maaji/image/upload/v1528417070/Spring2018/3049SFA02_3007SBC05_blue_4.jpg,3049SFA02_HERITAGE_SUBLIME,no,hi-res,https://res.cloudinary.com/maaji/image/upload/v1528417070/Spring2018/3049SFA02_3007SBC05_blue_5.jpg,3049SFA02_HERITAGE_SUBLIME,no,hi-res,https://res.cloudinary.com/maaji/image/upload/v1528417071/Spring2018/3049SFA02_3007SBC05_blue_6.jpg,3049SFA02_HERITAGE_SUBLIME,no,hi-res,https://res.cloudinary.com/maaji/image/upload/v1528417072/Spring2018/3049SFA02_3007SBC05_blue_7.jpg,3049SFA02_HERITAGE_SUBLIME,no,hi-res,https://res.cloudinary.com/maaji/image/upload/v1528417073/Spring2018/3049SFA02_3007SBC05_blue_8.jpg,3049SFA02_HERITAGE_SUBLIME,no,hi-res,https://res.cloudinary.com/maaji/image/upload/v1528417073/Spring2018/3049SFA02_3007SBC05_blue_9.jpg,3049SFA02_HERITAGE_SUBLIME,no,hi-res,https://res.cloudinary.com/maaji/image/upload/v1528417074/Spring2018/3049SFA02_3007SBC05_blue_10.jpg,3049SFA02_HERITAGE_SUBLIME,no,hi-res,3049SFA02|HERITAGE SUBLIME
3051SSE01-HERITAGE RENDEZVOUS,Sets,HERITAGE GOSSIP-HERITAGE RENDEZVOUS,active,active,Maaji,Colombia,1,1,,"Delivery
FREE POSTAGE within COLOMBIA for orders over COP$250.000. Orders under 
COP$250.000 will incur a shipping fee.
Delivery times are dependent on your location but are typically 2-3 
working days. Regional areas outside of metro areas, typically add
an additional day to delivery estimates. 

Returns
Returns and exchanges are accepted on merchandise within 30 
days of receipt. The product must be returned in original condition. Worn, washed
or otherwise used products will not be accepted. All products must also have the 
original tags and hygienic protection sticker intact. Original shipping charges will not 
be refunded unless the return items are deemed defective. Our Returns Policy is in 
addition to your rights under the Colombian Consumer Law.","<p><b>Delivery</b>
<br/>FREE POSTAGE within COLOMBIA for orders over COP $250.000. Orders under COP $250.000 will incur a shipping fee.
Delivery times are dependent on your location but are typically 2-3 working days. Regional areas outside of metro areas, typically add an additional day to delivery estimates.</p>
<br/>
</p><b>Returns</b>
<br/>Returns and exchanges are accepted on merchandise within 30 
days of receipt. The product must be returned in original condition. Worn, washed or otherwise used products will not be accepted. All products must also have the original tags and hygienic protection sticker intact. Original shipping charges will not be refunded unless the return items are deemed defective. Our Returns Policy is in addition to your rights under the Colombian Consumer Law.</p>",<h4>HERITAGE GOSSIP-HERITAGE RENDEZVOUS</h4>,,<h3>TOP</h3><p>Cold hand wash<br/>Always rinse away salt or chlorine<br/>Lay flat to dry<br/>Avoid rough surfaces</p><h3>BOTTOM</h3><p>Cold hand wash<br/>Always rinse away salt or chlorine<br/>Lay flat to dry<br/>Avoid rough surfaces</p>,<h3>TOP</h3><p>Reversible<br/>Sliding triangle top<br/>Removable soft pads<br/>Adjustable at back<br/>Full coverage at front<br/>Made in Colombia</p><h3>BOTTOM</h3><p>Reversible<br/>Seamless<br/>Low rise<br/>Adjustable at sides<br/>Full coverage<br/>Made in Colombia</p>,HERITAGE GOSSIP-HERITAGE RENDEZVOUS,"TOP:
Reversible
Sliding triangle top
Removable soft pads
Adjustable at back
Full coverage at front
Made in Colombia

BOTTOM: 
Reversible
Seamless
Low rise
Adjustable at sides
Full coverage
Made in Colombia",,,,Our model wears an Colombian size S,,SPRING 2018,COLOMBIA,,<h4>HERITAGE GOSSIP-HERITAGE RENDEZVOUS</h4>,WOMEN,2018,https://res.cloudinary.com/maaji/image/upload/v1528418135/Spring2018/3051SSE01_3013SBC02_blue_3.jpg,3051SSE01_HERITAGE_RENDEZVOUS,yes,hi-res,https://res.cloudinary.com/maaji/image/upload/v1528418136/Spring2018/3051SSE01_3013SBC02_blue_4.jpg,3051SSE01_HERITAGE_RENDEZVOUS,no,hi-res,https://res.cloudinary.com/maaji/image/upload/v1528418136/Spring2018/3051SSE01_3013SBC02_blue_5.jpg,3051SSE01_HERITAGE_RENDEZVOUS,no,hi-res,https://res.cloudinary.com/maaji/image/upload/v1528418137/Spring2018/3051SSE01_3013SBC02_blue_6.jpg,3051SSE01_HERITAGE_RENDEZVOUS,no,hi-res,,,,,,,,,,,,,,,,,3051SSE01|HERITAGE RENDEZVOUS
2121SHN01-ANDES FOLIAGE,Sets,ANDES FOLIAGE-ANDES FOLIAGE,active,active,Maaji,Colombia,1,1,,"Delivery
FREE POSTAGE within COLOMBIA for orders over COP$250.000. Orders under 
COP$250.000 will incur a shipping fee.
Delivery times are dependent on your location but are typically 2-3 
working days. Regional areas outside of metro areas, typically add
an additional day to delivery estimates. 

Returns
Returns and exchanges are accepted on merchandise within 30 
days of receipt. The product must be returned in original condition. Worn, washed
or otherwise used products will not be accepted. All products must also have the 
original tags and hygienic protection sticker intact. Original shipping charges will not 
be refunded unless the return items are deemed defective. Our Returns Policy is in 
addition to your rights under the Colombian Consumer Law.","<p><b>Delivery</b>
<br/>FREE POSTAGE within COLOMBIA for orders over COP $250.000. Orders under COP $250.000 will incur a shipping fee.
Delivery times are dependent on your location but are typically 2-3 working days. Regional areas outside of metro areas, typically add an additional day to delivery estimates.</p>
<br/>
</p><b>Returns</b>
<br/>Returns and exchanges are accepted on merchandise within 30 
days of receipt. The product must be returned in original condition. Worn, washed or otherwise used products will not be accepted. All products must also have the original tags and hygienic protection sticker intact. Original shipping charges will not be refunded unless the return items are deemed defective. Our Returns Policy is in addition to your rights under the Colombian Consumer Law.</p>",<h4>ANDES FOLIAGE-ANDES FOLIAGE</h4>,,<h3>TOP</h3><p>Cold hand wash<br/>Always rinse away salt or chlorine<br/>Lay flat to dry<br/>Avoid rough surfaces</p><h3>BOTTOM</h3><p>Cold hand wash<br/>Always rinse away salt or chlorine<br/>Lay flat to dry<br/>Avoid rough surfaces</p>,<h3>TOP</h3><p>Reversible<br/>High neck top<br/>Removable soft pads<br/>Adjustable criss cross back<br/>Full coverage at front<br/>Made in Colombia</p><h3>BOTTOM</h3><p>Reversible<br/>Low Rise <br/>Full coverage<br/>Made in Colombia</p>,ANDES FOLIAGE-ANDES FOLIAGE,"TOP:
Reversible
High neck top
Removable soft pads
Adjustable criss cross back
Full coverage at front
Made in Colombia

BOTTOM: 
Reversible
Low Rise 
Full coverage 
Made in Colombia",,,,Our model wears an Colombian size S,,SPRING 2018,COLOMBIA,,<h4>ANDES FOLIAGE-ANDES FOLIAGE</h4>,WOMEN,2018,https://res.cloudinary.com/maaji/image/upload/v1528398704/Spring2018/2121SHN01_2047SBC02_blue_3.jpg,2121SHN01_ANDES_FOLIAGE,yes,hi-res,https://res.cloudinary.com/maaji/image/upload/v1528398703/Spring2018/2121SHN01_2047SBC02_blue_4.jpg,2121SHN01_ANDES_FOLIAGE,no,hi-res,,,,,,,,,,,,,,,,,,,,,,,,,2121SHN01|ANDES FOLIAGE
2033SUN01-SEASHELLS NIGHTS,Sets,SEASHELLS NIGHTS-SEASHELLS NIGHTS,active,active,Maaji,Colombia,1,1,,"Delivery
FREE POSTAGE within COLOMBIA for orders over COP$250.000. Orders under 
COP$250.000 will incur a shipping fee.
Delivery times are dependent on your location but are typically 2-3 
working days. Regional areas outside of metro areas, typically add
an additional day to delivery estimates. 

Returns
Returns and exchanges are accepted on merchandise within 30 
days of receipt. The product must be returned in original condition. Worn, washed
or otherwise used products will not be accepted. All products must also have the 
original tags and hygienic protection sticker intact. Original shipping charges will not 
be refunded unless the return items are deemed defective. Our Returns Policy is in 
addition to your rights under the Colombian Consumer Law.","<p><b>Delivery</b>
<br/>FREE POSTAGE within COLOMBIA for orders over COP $250.000. Orders under COP $250.000 will incur a shipping fee.
Delivery times are dependent on your location but are typically 2-3 working days. Regional areas outside of metro areas, typically add an additional day to delivery estimates.</p>
<br/>
</p><b>Returns</b>
<br/>Returns and exchanges are accepted on merchandise within 30 
days of receipt. The product must be returned in original condition. Worn, washed or otherwise used products will not be accepted. All products must also have the original tags and hygienic protection sticker intact. Original shipping charges will not be refunded unless the return items are deemed defective. Our Returns Policy is in addition to your rights under the Colombian Consumer Law.</p>",<h4>SEASHELLS NIGHTS-SEASHELLS NIGHTS</h4>,,<h3>TOP</h3><p>Cold hand wash<br/>Always rinse away salt or chlorine<br/>Lay flat to dry<br/>Avoid rough surfaces</p><h3>BOTTOM</h3><p>Cold hand wash<br/>Always rinse away salt or chlorine<br/>Lay flat to dry<br/>Avoid rough surfaces</p>,<h3>TOP</h3><p>Underwire top<br/>With molded cups<br/>Adjustable at shoulders and back<br/>Full coverage at front<br/>Made in Colombia</p><h3>BOTTOM</h3><p>Reversible<br/>Seamless<br/>Low rise<br/>Full coverage<br/>Made in Colombia</p>,SEASHELLS NIGHTS-SEASHELLS NIGHTS,"TOP:
Underwire top
With molded cups
Adjustable at shoulders and back
Full coverage at front
Made in Colombia 

BOTTOM: 
Reversible
Seamless
Low rise
Full coverage
Made in Colombia",,,,Our model wears an Colombian size S,,SPRING 2018,COLOMBIA,,<h4>SEASHELLS NIGHTS-SEASHELLS NIGHTS</h4>,WOMEN,2018,https://res.cloudinary.com/maaji/image/upload/v1528338012/Spring2018/2033SUN01_1943SBC01_blue_3.jpg,2033SUN01_SEASHELLS_NIGHTS,yes,hi-res,https://res.cloudinary.com/maaji/image/upload/v1528338013/Spring2018/2033SUN01_1943SBC01_blue_4.jpg,2033SUN01_SEASHELLS_NIGHTS,no,hi-res,,,,,,,,,,,,,,,,,,,,,,,,,2033SUN01|SEASHELLS NIGHTS
1929SFA02-FESTIVE COQUETTE,Sets,FESTIVE COQUETTE-FESTIVE COQUETTE,active,active,Maaji,Colombia,1,1,,"Delivery
FREE POSTAGE within COLOMBIA for orders over COP$250.000. Orders under 
COP$250.000 will incur a shipping fee.
Delivery times are dependent on your location but are typically 2-3 
working days. Regional areas outside of metro areas, typically add
an additional day to delivery estimates. 

Returns
Returns and exchanges are accepted on merchandise within 30 
days of receipt. The product must be returned in original condition. Worn, washed
or otherwise used products will not be accepted. All products must also have the 
original tags and hygienic protection sticker intact. Original shipping charges will not 
be refunded unless the return items are deemed defective. Our Returns Policy is in 
addition to your rights under the Colombian Consumer Law.","<p><b>Delivery</b>
<br/>FREE POSTAGE within COLOMBIA for orders over COP $250.000. Orders under COP $250.000 will incur a shipping fee.
Delivery times are dependent on your location but are typically 2-3 working days. Regional areas outside of metro areas, typically add an additional day to delivery estimates.</p>
<br/>
</p><b>Returns</b>
<br/>Returns and exchanges are accepted on merchandise within 30 
days of receipt. The product must be returned in original condition. Worn, washed or otherwise used products will not be accepted. All products must also have the original tags and hygienic protection sticker intact. Original shipping charges will not be refunded unless the return items are deemed defective. Our Returns Policy is in addition to your rights under the Colombian Consumer Law.</p>",<h4>FESTIVE COQUETTE-FESTIVE COQUETTE</h4>,,<h3>TOP</h3><p>Cold hand wash<br/>Always rinse away salt or chlorine<br/>Lay flat to dry<br/>Avoid rough surfaces</p><h3>BOTTOM</h3><p>Cold hand wash<br/>Always rinse away salt or chlorine<br/>Lay flat to dry<br/>Avoid rough surfaces</p>,<h3>TOP</h3><p>Ruffled off-shoulder bikini top<br/>Removable soft pads<br/>Full coverage at front<br/>Made in Colombia</p><h3>BOTTOM</h3><p>Reversible<br/>Low Rise <br/>Cheeky coverage <br/>Made in Colombia</p>,FESTIVE COQUETTE-FESTIVE COQUETTE,"TOP:
Ruffled off-shoulder bikini top
Removable soft pads
Full coverage at front
Made in Colombia

BOTTOM: 
Reversible
Low Rise 
Cheeky coverage 
Made in Colombia",,,,Our model wears an Colombian size S,,SPRING 2018,COLOMBIA,,<h4>FESTIVE COQUETTE-FESTIVE COQUETTE</h4>,WOMEN,2018,https://res.cloudinary.com/maaji/image/upload/v1528335953/Spring2018/1929SFA02_2062SBC03_blue_3.jpg,1929SFA02_FESTIVE_COQUETTE,yes,hi-res,https://res.cloudinary.com/maaji/image/upload/v1528335953/Spring2018/1929SFA02_2062SBC03_blue_4.jpg,1929SFA02_FESTIVE_COQUETTE,no,hi-res,,,,,,,,,,,,,,,,,,,,,,,,,1929SFA02|FESTIVE COQUETTE
2125SSP01-GORGONA FOREST,Sets,GORGONA FOREST-GORGONA FOREST,active,active,Maaji,Colombia,1,1,,"Delivery
FREE POSTAGE within COLOMBIA for orders over COP$250.000. Orders under 
COP$250.000 will incur a shipping fee.
Delivery times are dependent on your location but are typically 2-3 
working days. Regional areas outside of metro areas, typically add
an additional day to delivery estimates. 

Returns
Returns and exchanges are accepted on merchandise within 30 
days of receipt. The product must be returned in original condition. Worn, washed
or otherwise used products will not be accepted. All products must also have the 
original tags and hygienic protection sticker intact. Original shipping charges will not 
be refunded unless the return items are deemed defective. Our Returns Policy is in 
addition to your rights under the Colombian Consumer Law.","<p><b>Delivery</b>
<br/>FREE POSTAGE within COLOMBIA for orders over COP $250.000. Orders under COP $250.000 will incur a shipping fee.
Delivery times are dependent on your location but are typically 2-3 working days. Regional areas outside of metro areas, typically add an additional day to delivery estimates.</p>
<br/>
</p><b>Returns</b>
<br/>Returns and exchanges are accepted on merchandise within 30 
days of receipt. The product must be returned in original condition. Worn, washed or otherwise used products will not be accepted. All products must also have the original tags and hygienic protection sticker intact. Original shipping charges will not be refunded unless the return items are deemed defective. Our Returns Policy is in addition to your rights under the Colombian Consumer Law.</p>",<h4>GORGONA FOREST-GORGONA FOREST</h4>,,<h3>TOP</h3><p>Cold hand wash<br/>Always rinse away salt or chlorine<br/>Lay flat to dry<br/>Avoid rough surfaces</p><h3>BOTTOM</h3><p>Cold hand wash<br/>Always rinse away salt or chlorine<br/>Lay flat to dry<br/>Avoid rough surfaces</p>,<h3>TOP</h3><p>Reversible<br/>Bralette top<br/>Removable soft pads<br/>Pullover<br/>Fixed criss cross back<br/>Full coverage at front<br/>Made in Colombia</p><h3>BOTTOM</h3><p>Reversible<br/>Low rise<br/>Moderate coverage<br/>Made in Colombia</p>,GORGONA FOREST-GORGONA FOREST,"TOP:
Reversible
Bralette top
Removable soft pads
Pullover
Fixed criss cross back
Full coverage at front
Made in Colombia

BOTTOM: 
Reversible
Low rise
Moderate coverage",,,,Our model wears an Colombian size S,,SPRING 2018,COLOMBIA,,<h4>GORGONA FOREST-GORGONA FOREST</h4>,WOMEN,2018,https://res.cloudinary.com/maaji/image/upload/v1528399311/Spring2018/2125SSP01_2126SDC01_blue_3.jpg,2125SSP01_GORGONA_FOREST,yes,hi-res,https://res.cloudinary.com/maaji/image/upload/v1528399312/Spring2018/2125SSP01_2126SDC01_blue_4.jpg,2125SSP01_GORGONA_FOREST,no,hi-res,,,,,,,,,,,,,,,,,,,,,,,,,2125SSP01|GORGONA FOREST
2113SFT02-PALOMINO SKY,Sets,PALOMINO SKY-PALOMINO SKY,active,active,Maaji,Colombia,1,1,,"Delivery
FREE POSTAGE within COLOMBIA for orders over COP$250.000. Orders under 
COP$250.000 will incur a shipping fee.
Delivery times are dependent on your location but are typically 2-3 
working days. Regional areas outside of metro areas, typically add
an additional day to delivery estimates. 

Returns
Returns and exchanges are accepted on merchandise within 30 
days of receipt. The product must be returned in original condition. Worn, washed
or otherwise used products will not be accepted. All products must also have the 
original tags and hygienic protection sticker intact. Original shipping charges will not 
be refunded unless the return items are deemed defective. Our Returns Policy is in 
addition to your rights under the Colombian Consumer Law.","<p><b>Delivery</b>
<br/>FREE POSTAGE within COLOMBIA for orders over COP $250.000. Orders under COP $250.000 will incur a shipping fee.
Delivery times are dependent on your location but are typically 2-3 working days. Regional areas outside of metro areas, typically add an additional day to delivery estimates.</p>
<br/>
</p><b>Returns</b>
<br/>Returns and exchanges are accepted on merchandise within 30 
days of receipt. The product must be returned in original condition. Worn, washed or otherwise used products will not be accepted. All products must also have the original tags and hygienic protection sticker intact. Original shipping charges will not be refunded unless the return items are deemed defective. Our Returns Policy is in addition to your rights under the Colombian Consumer Law.</p>",<h4>PALOMINO SKY-PALOMINO SKY</h4>,,<h3>TOP</h3><p>Cold hand wash<br/>Always rinse away salt or chlorine<br/>Lay flat to dry<br/>Avoid rough surfaces</p><h3>BOTTOM</h3><p>Cold hand wash<br/>Always rinse away salt or chlorine<br/>Lay flat to dry<br/>Avoid rough surfaces</p>,<h3>TOP</h3><p>Reversible<br/>Fixed Triangle top<br/>Ruffles detail<br/>Removable soft pads<br/>Back Clip Closure<br/>Demi coverage at front<br/>Made in Colombia</p><h3>BOTTOM</h3><p>Reversible<br/>Low rise<br/>Moderate coverage<br/>Made in Colombia</p>,PALOMINO SKY-PALOMINO SKY,"TOP:
Reversible
Fixed Triangle top
Ruffles detail
Removable soft pads
Back Clip Closure
Demi coverage at front
Made in Colombia

BOTTOM: 
Reversible
Low rise
Moderate coverage
Made in Colombia",,,,Our model wears an Colombian size S,,SPRING 2018,COLOMBIA,,<h4>PALOMINO SKY-PALOMINO SKY</h4>,WOMEN,2018,https://res.cloudinary.com/maaji/image/upload/v1528395451/Spring2018/2113SFT02_2062SDC02_blue_3.jpg,2113SFT02_PALOMINO_SKY,yes,hi-res,https://res.cloudinary.com/maaji/image/upload/v1528395452/Spring2018/2113SFT02_2062SDC02_blue_4.jpg,2113SFT02_PALOMINO_SKY,no,hi-res,,,,,,,,,,,,,,,,,,,,,,,,,2113SFT02|PALOMINO SKY
2127SFH01-COCONUT VALLEY,Sets,COCONUT VALLEY-COCONUT VALLEY,active,active,Maaji,Colombia,1,1,,"Delivery
FREE POSTAGE within COLOMBIA for orders over COP$250.000. Orders under 
COP$250.000 will incur a shipping fee.
Delivery times are dependent on your location but are typically 2-3 
working days. Regional areas outside of metro areas, typically add
an additional day to delivery estimates. 

Returns
Returns and exchanges are accepted on merchandise within 30 
days of receipt. The product must be returned in original condition. Worn, washed
or otherwise used products will not be accepted. All products must also have the 
original tags and hygienic protection sticker intact. Original shipping charges will not 
be refunded unless the return items are deemed defective. Our Returns Policy is in 
addition to your rights under the Colombian Consumer Law.","<p><b>Delivery</b>
<br/>FREE POSTAGE within COLOMBIA for orders over COP $250.000. Orders under COP $250.000 will incur a shipping fee.
Delivery times are dependent on your location but are typically 2-3 working days. Regional areas outside of metro areas, typically add an additional day to delivery estimates.</p>
<br/>
</p><b>Returns</b>
<br/>Returns and exchanges are accepted on merchandise within 30 
days of receipt. The product must be returned in original condition. Worn, washed or otherwise used products will not be accepted. All products must also have the original tags and hygienic protection sticker intact. Original shipping charges will not be refunded unless the return items are deemed defective. Our Returns Policy is in addition to your rights under the Colombian Consumer Law.</p>",<h4>COCONUT VALLEY-COCONUT VALLEY</h4>,,<h3>TOP</h3><p>Cold hand wash<br/>Always rinse away salt or chlorine<br/>Lay flat to dry<br/>Avoid rough surfaces</p><h3>BOTTOM</h3><p>Cold hand wash<br/>Always rinse away salt or chlorine<br/>Lay flat to dry<br/>Avoid rough surfaces</p>,<h3>TOP</h3><p>Reversible<br/>Fixed Halter top<br/>Removable soft pads<br/>Pullover<br/>Fixed criss cross back<br/>Full coverage at front<br/>Made in Colombia</p><h3>BOTTOM</h3><p>Reversible<br/>Seamless<br/>Low rise<br/>Full coverage<br/>Made in Colombia</p>,COCONUT VALLEY-COCONUT VALLEY,"TOP:
Reversible
Fixed Halter top
Removable soft pads
Pullover
Fixed criss cross back
Full coverage at front
Made in Colombia

BOTTOM: 
Reversible
Seamless
Low rise 
Full coverage
Made in Colombia",,,,Our model wears an Colombian size S,,SPRING 2018,COLOMBIA,,<h4>COCONUT VALLEY-COCONUT VALLEY</h4>,WOMEN,2018,https://res.cloudinary.com/maaji/image/upload/v1528401913/Spring2018/2127SFH01_2120SBC02_blue_3.jpg,2127SFH01_COCONUT_VALLEY,yes,hi-res,https://res.cloudinary.com/maaji/image/upload/v1528401914/Spring2018/2127SFH01_2120SBC02_blue_4.jpg,2127SFH01_COCONUT_VALLEY,no,hi-res,,,,,,,,,,,,,,,,,,,,,,,,,2127SFH01|COCONUT VALLEY
2128SFA01-DENIM COLOMBIA,Sets,DENIM COLOMBIA-DENIM COLOMBIA,active,active,Maaji,Colombia,1,1,,"Delivery
FREE POSTAGE within COLOMBIA for orders over COP$250.000. Orders under 
COP$250.000 will incur a shipping fee.
Delivery times are dependent on your location but are typically 2-3 
working days. Regional areas outside of metro areas, typically add
an additional day to delivery estimates. 

Returns
Returns and exchanges are accepted on merchandise within 30 
days of receipt. The product must be returned in original condition. Worn, washed
or otherwise used products will not be accepted. All products must also have the 
original tags and hygienic protection sticker intact. Original shipping charges will not 
be refunded unless the return items are deemed defective. Our Returns Policy is in 
addition to your rights under the Colombian Consumer Law.","<p><b>Delivery</b>
<br/>FREE POSTAGE within COLOMBIA for orders over COP $250.000. Orders under COP $250.000 will incur a shipping fee.
Delivery times are dependent on your location but are typically 2-3 working days. Regional areas outside of metro areas, typically add an additional day to delivery estimates.</p>
<br/>
</p><b>Returns</b>
<br/>Returns and exchanges are accepted on merchandise within 30 
days of receipt. The product must be returned in original condition. Worn, washed or otherwise used products will not be accepted. All products must also have the original tags and hygienic protection sticker intact. Original shipping charges will not be refunded unless the return items are deemed defective. Our Returns Policy is in addition to your rights under the Colombian Consumer Law.</p>",<h4>DENIM COLOMBIA-DENIM COLOMBIA</h4>,,<h3>TOP</h3><p>Cold hand wash<br/>Always rinse away salt or chlorine<br/>Lay flat to dry<br/>Avoid rough surfaces</p><h3>BOTTOM</h3><p>Cold hand wash<br/>Always rinse away salt or chlorine<br/>Lay flat to dry<br/>Avoid rough surfaces</p>,<h3>TOP</h3><p>Reversible<br/>4 Ways top (wear it to back and front)<br/>Wrapable top<br/>Removable soft pads<br/>Full coverage at front<br/>Made in Colombia</p><h3>BOTTOM</h3><p>Reversible<br/>Low rise<br/>Moderate coverage<br/>Made in Colombia</p>,DENIM COLOMBIA-DENIM COLOMBIA,"TOP:
Reversible
4 Ways top (wear it to back and front)
Wrapable top
Removable soft pads
Full coverage at front
Made in Colombia

BOTTOM: 
Reversible
Low rise
Moderate coverage",,,,Our model wears an Colombian size S,,SPRING 2018,COLOMBIA,,<h4>DENIM COLOMBIA-DENIM COLOMBIA</h4>,WOMEN,2018,https://res.cloudinary.com/maaji/image/upload/v1528402361/Spring2018/2128SFA01_2043SCC01_blue_3.jpg,2128SFA01_DENIM_COLOMBIA,yes,hi-res,https://res.cloudinary.com/maaji/image/upload/v1528402362/Spring2018/2128SFA01_2043SCC01_blue_4.jpg,2128SFA01_DENIM_COLOMBIA,no,hi-res,https://res.cloudinary.com/maaji/image/upload/v1528402362/Spring2018/2128SFA01_2043SCC01_blue_7.jpg,2128SFA01_DENIM_COLOMBIA,no,hi-res,https://res.cloudinary.com/maaji/image/upload/v1528402363/Spring2018/2128SFA01_2043SCC01_blue_8.jpg,2128SFA01_DENIM_COLOMBIA,no,hi-res,,,,,,,,,,,,,,,,,2128SFA01|DENIM COLOMBIA
2129SBA01-AMAZON RIVER,Sets,AMAZON RIVER-AMAZON RIVER,active,active,Maaji,Colombia,1,1,,"Delivery
FREE POSTAGE within COLOMBIA for orders over COP$250.000. Orders under 
COP$250.000 will incur a shipping fee.
Delivery times are dependent on your location but are typically 2-3 
working days. Regional areas outside of metro areas, typically add
an additional day to delivery estimates. 

Returns
Returns and exchanges are accepted on merchandise within 30 
days of receipt. The product must be returned in original condition. Worn, washed
or otherwise used products will not be accepted. All products must also have the 
original tags and hygienic protection sticker intact. Original shipping charges will not 
be refunded unless the return items are deemed defective. Our Returns Policy is in 
addition to your rights under the Colombian Consumer Law.","<p><b>Delivery</b>
<br/>FREE POSTAGE within COLOMBIA for orders over COP $250.000. Orders under COP $250.000 will incur a shipping fee.
Delivery times are dependent on your location but are typically 2-3 working days. Regional areas outside of metro areas, typically add an additional day to delivery estimates.</p>
<br/>
</p><b>Returns</b>
<br/>Returns and exchanges are accepted on merchandise within 30 
days of receipt. The product must be returned in original condition. Worn, washed or otherwise used products will not be accepted. All products must also have the original tags and hygienic protection sticker intact. Original shipping charges will not be refunded unless the return items are deemed defective. Our Returns Policy is in addition to your rights under the Colombian Consumer Law.</p>",<h4>AMAZON RIVER-AMAZON RIVER</h4>,,<h3>TOP</h3><p>Cold hand wash<br/>Always rinse away salt or chlorine<br/>Lay flat to dry<br/>Avoid rough surfaces</p><h3>BOTTOM</h3><p>Cold hand wash<br/>Always rinse away salt or chlorine<br/>Lay flat to dry<br/>Avoid rough surfaces</p>,<h3>TOP</h3><p>Reversible<br/>4 Ways top (wear it to back and front)<br/>Bandeau top<br/>Removable shoulder straps<br/>Removable soft pads<br/>Full coverage at front<br/>Made in Colombia</p><h3>BOTTOM</h3><p></p>,AMAZON RIVER-AMAZON RIVER,"TOP:
Reversible
4 Ways top (wear it to back and front)
Bandeau top

BOTTOM: ",,,,Our model wears an Colombian size S,,SPRING 2018,COLOMBIA,,<h4>AMAZON RIVER-AMAZON RIVER</h4>,WOMEN,2018,https://res.cloudinary.com/maaji/image/upload/v1528403079/Spring2018/2129SBA01_2130SCC01_blue_3.jpg,2129SBA01_AMAZON_RIVER,yes,hi-res,https://res.cloudinary.com/maaji/image/upload/v1528403079/Spring2018/2129SBA01_2130SCC01_blue_4.jpg,2129SBA01_AMAZON_RIVER,no,hi-res,https://res.cloudinary.com/maaji/image/upload/v1528403080/Spring2018/2129SBA01_2130SCC01_blue_7.jpg,2129SBA01_AMAZON_RIVER,no,hi-res,https://res.cloudinary.com/maaji/image/upload/v1528403081/Spring2018/2129SBA01_2130SCC01_blue_8.jpg,2129SBA01_AMAZON_RIVER,no,hi-res,,,,,,,,,,,,,,,,,2129SBA01|AMAZON RIVER
2128SFA01-CUTIE ARMADILLO,Sets,DENIM COLOMBIA-CUTIE ARMADILLO,active,active,Maaji,Colombia,1,1,,"Delivery
FREE POSTAGE within COLOMBIA for orders over COP$250.000. Orders under 
COP$250.000 will incur a shipping fee.
Delivery times are dependent on your location but are typically 2-3 
working days. Regional areas outside of metro areas, typically add
an additional day to delivery estimates. 

Returns
Returns and exchanges are accepted on merchandise within 30 
days of receipt. The product must be returned in original condition. Worn, washed
or otherwise used products will not be accepted. All products must also have the 
original tags and hygienic protection sticker intact. Original shipping charges will not 
be refunded unless the return items are deemed defective. Our Returns Policy is in 
addition to your rights under the Colombian Consumer Law.","<p><b>Delivery</b>
<br/>FREE POSTAGE within COLOMBIA for orders over COP $250.000. Orders under COP $250.000 will incur a shipping fee.
Delivery times are dependent on your location but are typically 2-3 working days. Regional areas outside of metro areas, typically add an additional day to delivery estimates.</p>
<br/>
</p><b>Returns</b>
<br/>Returns and exchanges are accepted on merchandise within 30 
days of receipt. The product must be returned in original condition. Worn, washed or otherwise used products will not be accepted. All products must also have the original tags and hygienic protection sticker intact. Original shipping charges will not be refunded unless the return items are deemed defective. Our Returns Policy is in addition to your rights under the Colombian Consumer Law.</p>",<h4>DENIM COLOMBIA-CUTIE ARMADILLO</h4>,,<h3>TOP</h3><p>Cold hand wash<br/>Always rinse away salt or chlorine<br/>Lay flat to dry<br/>Avoid rough surfaces</p><h3>BOTTOM</h3><p>Do not Machine wash at temperatures<br/>Do not use dryer<br/>Do not wring<br/>Line dry<br/><br/>Steam and turn inside out<br/>Do not bleach<br/>Do not use hot water<br/>Do not use vinegar</p>,<h3>TOP</h3><p>Reversible<br/>4 Ways top (wear it to back and front)<br/>Wrapable top<br/>Removable soft pads<br/>Full coverage at front<br/>Made in Colombia</p><h3>BOTTOM</h3><p>Short skirt<br/>Smocked waistband<br/>Side pockets</p>,DENIM COLOMBIA-CUTIE ARMADILLO,"TOP:
Reversible
4 Ways top (wear it to back and front)
Wrapable top
Removable soft pads
Full coverage at front
Made in Colombia

BOTTOM: 
Short skirt
Smocked waistband
Side pockets",,,,Our model wears an Colombian size S,,SPRING 2018,COLOMBIA,,<h4>DENIM COLOMBIA-CUTIE ARMADILLO</h4>,WOMEN,2018,https://res.cloudinary.com/maaji/image/upload/v1528402200/Spring2018/2128SFA01_1469CKS01_blue_3.jpg,2128SFA01_CUTIE_ARMADILLO,yes,hi-res,https://res.cloudinary.com/maaji/image/upload/v1528402201/Spring2018/2128SFA01_1469CKS01_blue_4.jpg,2128SFA01_CUTIE_ARMADILLO,no,hi-res,,,,,,,,,,,,,,,,,,,,,,,,,2128SFA01|1469CKS01
1467CCT01-ELEPHANT SEAL,Sets,COOKIECUTTER SHARK-ELEPHANT SEAL,active,active,Maaji,Colombia,1,1,,"Delivery
FREE POSTAGE within COLOMBIA for orders over COP$250.000. Orders under 
COP$250.000 will incur a shipping fee.
Delivery times are dependent on your location but are typically 2-3 
working days. Regional areas outside of metro areas, typically add
an additional day to delivery estimates. 

Returns
Returns and exchanges are accepted on merchandise within 30 
days of receipt. The product must be returned in original condition. Worn, washed
or otherwise used products will not be accepted. All products must also have the 
original tags and hygienic protection sticker intact. Original shipping charges will not 
be refunded unless the return items are deemed defective. Our Returns Policy is in 
addition to your rights under the Colombian Consumer Law.","<p><b>Delivery</b>
<br/>FREE POSTAGE within COLOMBIA for orders over COP $250.000. Orders under COP $250.000 will incur a shipping fee.
Delivery times are dependent on your location but are typically 2-3 working days. Regional areas outside of metro areas, typically add an additional day to delivery estimates.</p>
<br/>
</p><b>Returns</b>
<br/>Returns and exchanges are accepted on merchandise within 30 
days of receipt. The product must be returned in original condition. Worn, washed or otherwise used products will not be accepted. All products must also have the original tags and hygienic protection sticker intact. Original shipping charges will not be refunded unless the return items are deemed defective. Our Returns Policy is in addition to your rights under the Colombian Consumer Law.</p>",<h4>COOKIECUTTER SHARK-ELEPHANT SEAL</h4>,,<h3>TOP</h3><p>Do not Machine wash at temperatures<br/>Do not use dryer<br/>Do not wring<br/>Line dry<br/><br/>Steam and turn inside out<br/>Do not bleach<br/>Do not use hot water<br/>Do not use vinegar</p><h3>BOTTOM</h3><p>Do not Machine wash at temperatures<br/>Do not use dryer<br/>Do not wring<br/>Line dry<br/><br/>Steam and turn inside out<br/>Do not bleach<br/>Do not use hot water<br/>Do not use vinegar</p>,<h3>TOP</h3><p>Crop top<br/>Back lace-up tie clousure<br/>2 ways<br/>Made in Colombia</p><h3>BOTTOM</h3><p>Palazzo pants <br/>Side pockets<br/>Smocked waistband at back</p>,COOKIECUTTER SHARK-ELEPHANT SEAL,"TOP:
Crop top
Back lace-up tie clousure
2 ways

BOTTOM: 
Palazzo pants
Side pockets
Smocked waistband at back",,,,Our model wears an Colombian size S,,SPRING 2018,COLOMBIA,,<h4>COOKIECUTTER SHARK-ELEPHANT SEAL</h4>,WOMEN,2018,https://res.cloudinary.com/maaji/image/upload/v1528332605/Spring2018/1467CCT01_1468CPA01_blue_3.jpg,1467CCT01_ELEPHANT_SEAL,yes,hi-res,https://res.cloudinary.com/maaji/image/upload/v1528332606/Spring2018/1467CCT01_1468CPA01_blue_4.jpg,1467CCT01_ELEPHANT_SEAL,no,hi-res,,,,,,,,,,,,,,,,,,,,,,,,,1467CCT01|1468CPA01
